"sum","nws_precip_1day_observed_20110101.shp.tiff",11.78
"sum","nws_precip_1day_observed_20110102.shp.tiff",25.47
"sum","nws_precip_1day_observed_20110103.shp.tiff",20.66
"sum","nws_precip_1day_observed_20110104.shp.tiff",0.02
"sum","nws_precip_1day_observed_20110105.shp.tiff",6.51
"sum","nws_precip_1day_observed_20110106.shp.tiff",1.03
"sum","nws_precip_1day_observed_20110107.shp.tiff",0.08
"sum","nws_precip_1day_observed_20110108.shp.tiff",168.35
"sum","nws_precip_1day_observed_20110109.shp.tiff",23.24
"sum","nws_precip_1day_observed_20110110.shp.tiff",1.15
"sum","nws_precip_1day_observed_20110111.shp.tiff",0
"sum","nws_precip_1day_observed_20110112.shp.tiff",537.66
"sum","nws_precip_1day_observed_20110113.shp.tiff",562.61
"sum","nws_precip_1day_observed_20110114.shp.tiff",0.31
"sum","nws_precip_1day_observed_20110115.shp.tiff",1.99
"sum","nws_precip_1day_observed_20110116.shp.tiff",56.27
"sum","nws_precip_1day_observed_20110117.shp.tiff",0.6
"sum","nws_precip_1day_observed_20110118.shp.tiff",89.13
"sum","nws_precip_1day_observed_20110119.shp.tiff",692.22
"sum","nws_precip_1day_observed_20110120.shp.tiff",63.98
"sum","nws_precip_1day_observed_20110121.shp.tiff",187.63
"sum","nws_precip_1day_observed_20110122.shp.tiff",52.87
"sum","nws_precip_1day_observed_20110123.shp.tiff",0.67
"sum","nws_precip_1day_observed_20110124.shp.tiff",0.45
"sum","nws_precip_1day_observed_20110125.shp.tiff",39.53
"sum","nws_precip_1day_observed_20110126.shp.tiff",14.25
"sum","nws_precip_1day_observed_20110127.shp.tiff",279.7
"sum","nws_precip_1day_observed_20110128.shp.tiff",0.49
"sum","nws_precip_1day_observed_20110129.shp.tiff",6.04
"sum","nws_precip_1day_observed_20110130.shp.tiff",4.76
"sum","nws_precip_1day_observed_20110131.shp.tiff",2.68
"sum","nws_precip_1day_observed_20110201.shp.tiff",17.07
"sum","nws_precip_1day_observed_20110202.shp.tiff",653.88
"sum","nws_precip_1day_observed_20110203.shp.tiff",627.79
"sum","nws_precip_1day_observed_20110204.shp.tiff",0.02
"sum","nws_precip_1day_observed_20110205.shp.tiff",1.79
"sum","nws_precip_1day_observed_20110206.shp.tiff",722.05
"sum","nws_precip_1day_observed_20110207.shp.tiff",0.02
"sum","nws_precip_1day_observed_20110208.shp.tiff",174.96
"sum","nws_precip_1day_observed_20110209.shp.tiff",40.39
"sum","nws_precip_1day_observed_20110210.shp.tiff",0.66
"sum","nws_precip_1day_observed_20110211.shp.tiff",0.12
"sum","nws_precip_1day_observed_20110212.shp.tiff",0.02
"sum","nws_precip_1day_observed_20110213.shp.tiff",18.7
"sum","nws_precip_1day_observed_20110214.shp.tiff",9.18
"sum","nws_precip_1day_observed_20110215.shp.tiff",46.1
"sum","nws_precip_1day_observed_20110216.shp.tiff",0
"sum","nws_precip_1day_observed_20110217.shp.tiff",0.08
"sum","nws_precip_1day_observed_20110218.shp.tiff",43.14
"sum","nws_precip_1day_observed_20110219.shp.tiff",64.3
"sum","nws_precip_1day_observed_20110220.shp.tiff",0.64
"sum","nws_precip_1day_observed_20110221.shp.tiff",50.82
"sum","nws_precip_1day_observed_20110222.shp.tiff",13.57
"sum","nws_precip_1day_observed_20110223.shp.tiff",0.02
"sum","nws_precip_1day_observed_20110224.shp.tiff",0
"sum","nws_precip_1day_observed_20110225.shp.tiff",200.64
"sum","nws_precip_1day_observed_20110226.shp.tiff",1274.98
"sum","nws_precip_1day_observed_20110227.shp.tiff",162.29
"sum","nws_precip_1day_observed_20110228.shp.tiff",65.14
"sum","nws_precip_1day_observed_20110301.shp.tiff",679.39
"sum","nws_precip_1day_observed_20110302.shp.tiff",2.12
"sum","nws_precip_1day_observed_20110303.shp.tiff",53.06
"sum","nws_precip_1day_observed_20110304.shp.tiff",0
"sum","nws_precip_1day_observed_20110305.shp.tiff",35.72
"sum","nws_precip_1day_observed_20110306.shp.tiff",156.23
"sum","nws_precip_1day_observed_20110307.shp.tiff",3636.65
"sum","nws_precip_1day_observed_20110308.shp.tiff",178.78
"sum","nws_precip_1day_observed_20110309.shp.tiff",0.02
"sum","nws_precip_1day_observed_20110310.shp.tiff",170.63
"sum","nws_precip_1day_observed_20110311.shp.tiff",612.21
"sum","nws_precip_1day_observed_20110312.shp.tiff",556.82
"sum","nws_precip_1day_observed_20110313.shp.tiff",45.34
"sum","nws_precip_1day_observed_20110314.shp.tiff",12.26
"sum","nws_precip_1day_observed_20110315.shp.tiff",8.01
"sum","nws_precip_1day_observed_20110316.shp.tiff",140.4
"sum","nws_precip_1day_observed_20110317.shp.tiff",513.38
"sum","nws_precip_1day_observed_20110318.shp.tiff",56.3
"sum","nws_precip_1day_observed_20110319.shp.tiff",2.24
"sum","nws_precip_1day_observed_20110320.shp.tiff",0.04
"sum","nws_precip_1day_observed_20110321.shp.tiff",15.44
"sum","nws_precip_1day_observed_20110322.shp.tiff",321.13
"sum","nws_precip_1day_observed_20110323.shp.tiff",8.77
"sum","nws_precip_1day_observed_20110324.shp.tiff",66.7
"sum","nws_precip_1day_observed_20110325.shp.tiff",9.08
"sum","nws_precip_1day_observed_20110326.shp.tiff",3.02
"sum","nws_precip_1day_observed_20110327.shp.tiff",0.01
"sum","nws_precip_1day_observed_20110328.shp.tiff",0.23
"sum","nws_precip_1day_observed_20110329.shp.tiff",0.54
"sum","nws_precip_1day_observed_20110330.shp.tiff",0.01
"sum","nws_precip_1day_observed_20110331.shp.tiff",4.87
"sum","nws_precip_1day_observed_20110401.shp.tiff",313.89
"sum","nws_precip_1day_observed_20110402.shp.tiff",283.62
"sum","nws_precip_1day_observed_20110403.shp.tiff",30.73
"sum","nws_precip_1day_observed_20110404.shp.tiff",32.77
"sum","nws_precip_1day_observed_20110405.shp.tiff",571.02
"sum","nws_precip_1day_observed_20110406.shp.tiff",350.6
"sum","nws_precip_1day_observed_20110407.shp.tiff",16.46
"sum","nws_precip_1day_observed_20110408.shp.tiff",0
"sum","nws_precip_1day_observed_20110409.shp.tiff",0
"sum","nws_precip_1day_observed_20110410.shp.tiff",0
"sum","nws_precip_1day_observed_20110411.shp.tiff",300.42
"sum","nws_precip_1day_observed_20110412.shp.tiff",266.48
"sum","nws_precip_1day_observed_20110413.shp.tiff",450.24
"sum","nws_precip_1day_observed_20110414.shp.tiff",480.02
"sum","nws_precip_1day_observed_20110415.shp.tiff",0
"sum","nws_precip_1day_observed_20110416.shp.tiff",0
"sum","nws_precip_1day_observed_20110417.shp.tiff",1730.4
"sum","nws_precip_1day_observed_20110418.shp.tiff",76.56
"sum","nws_precip_1day_observed_20110419.shp.tiff",36.99
"sum","nws_precip_1day_observed_20110420.shp.tiff",380.32
"sum","nws_precip_1day_observed_20110421.shp.tiff",177.92
"sum","nws_precip_1day_observed_20110422.shp.tiff",8.44
"sum","nws_precip_1day_observed_20110423.shp.tiff",131.48
"sum","nws_precip_1day_observed_20110424.shp.tiff",524.71
"sum","nws_precip_1day_observed_20110425.shp.tiff",38.25
"sum","nws_precip_1day_observed_20110426.shp.tiff",649.46
"sum","nws_precip_1day_observed_20110427.shp.tiff",406.37
"sum","nws_precip_1day_observed_20110428.shp.tiff",85.01
"sum","nws_precip_1day_observed_20110429.shp.tiff",536.07
"sum","nws_precip_1day_observed_20110430.shp.tiff",8.58
"sum","nws_precip_1day_observed_20110501.shp.tiff",0.02
"sum","nws_precip_1day_observed_20110502.shp.tiff",0.09
"sum","nws_precip_1day_observed_20110503.shp.tiff",0.56
"sum","nws_precip_1day_observed_20110504.shp.tiff",190.54
"sum","nws_precip_1day_observed_20110505.shp.tiff",664.33
"sum","nws_precip_1day_observed_20110506.shp.tiff",64.98
"sum","nws_precip_1day_observed_20110507.shp.tiff",2.83
"sum","nws_precip_1day_observed_20110508.shp.tiff",54.89
"sum","nws_precip_1day_observed_20110509.shp.tiff",8.5
"sum","nws_precip_1day_observed_20110510.shp.tiff",2.02
"sum","nws_precip_1day_observed_20110511.shp.tiff",1.04
"sum","nws_precip_1day_observed_20110512.shp.tiff",0
"sum","nws_precip_1day_observed_20110513.shp.tiff",0
"sum","nws_precip_1day_observed_20110514.shp.tiff",0.45
"sum","nws_precip_1day_observed_20110515.shp.tiff",457.16
"sum","nws_precip_1day_observed_20110516.shp.tiff",1505.02
"sum","nws_precip_1day_observed_20110517.shp.tiff",265.48
"sum","nws_precip_1day_observed_20110518.shp.tiff",443.24
"sum","nws_precip_1day_observed_20110519.shp.tiff",591.9
"sum","nws_precip_1day_observed_20110520.shp.tiff",250.37
"sum","nws_precip_1day_observed_20110521.shp.tiff",255.47
"sum","nws_precip_1day_observed_20110522.shp.tiff",204.75
"sum","nws_precip_1day_observed_20110523.shp.tiff",50.08
"sum","nws_precip_1day_observed_20110524.shp.tiff",66.87
"sum","nws_precip_1day_observed_20110525.shp.tiff",72.27
"sum","nws_precip_1day_observed_20110526.shp.tiff",0.01
"sum","nws_precip_1day_observed_20110527.shp.tiff",1095.87
"sum","nws_precip_1day_observed_20110528.shp.tiff",401.79
"sum","nws_precip_1day_observed_20110529.shp.tiff",72.76
"sum","nws_precip_1day_observed_20110530.shp.tiff",262.64
"sum","nws_precip_1day_observed_20110531.shp.tiff",65.22
"sum","nws_precip_1day_observed_20110601.shp.tiff",69.04
"sum","nws_precip_1day_observed_20110602.shp.tiff",421.35
"sum","nws_precip_1day_observed_20110603.shp.tiff",1.58
"sum","nws_precip_1day_observed_20110604.shp.tiff",0
"sum","nws_precip_1day_observed_20110605.shp.tiff",0
"sum","nws_precip_1day_observed_20110606.shp.tiff",13.16
"sum","nws_precip_1day_observed_20110607.shp.tiff",3.2
"sum","nws_precip_1day_observed_20110608.shp.tiff",0.98
"sum","nws_precip_1day_observed_20110609.shp.tiff",432.04
"sum","nws_precip_1day_observed_20110610.shp.tiff",754.28
"sum","nws_precip_1day_observed_20110611.shp.tiff",186.16
"sum","nws_precip_1day_observed_20110612.shp.tiff",875.99
"sum","nws_precip_1day_observed_20110613.shp.tiff",145.71
"sum","nws_precip_1day_observed_20110614.shp.tiff",467.51
"sum","nws_precip_1day_observed_20110615.shp.tiff",110.51
"sum","nws_precip_1day_observed_20110616.shp.tiff",228.75
"sum","nws_precip_1day_observed_20110617.shp.tiff",68.91
"sum","nws_precip_1day_observed_20110618.shp.tiff",389.88
"sum","nws_precip_1day_observed_20110619.shp.tiff",100.43
"sum","nws_precip_1day_observed_20110620.shp.tiff",0.02
"sum","nws_precip_1day_observed_20110621.shp.tiff",0
"sum","nws_precip_1day_observed_20110622.shp.tiff",12.09
"sum","nws_precip_1day_observed_20110623.shp.tiff",1356.23
"sum","nws_precip_1day_observed_20110624.shp.tiff",634.41
"sum","nws_precip_1day_observed_20110625.shp.tiff",284.7
"sum","nws_precip_1day_observed_20110626.shp.tiff",448.63
"sum","nws_precip_1day_observed_20110627.shp.tiff",34.2
"sum","nws_precip_1day_observed_20110628.shp.tiff",0.02
"sum","nws_precip_1day_observed_20110629.shp.tiff",405.2
"sum","nws_precip_1day_observed_20110630.shp.tiff",9.9
"sum","nws_precip_1day_observed_20110701.shp.tiff",13.85
"sum","nws_precip_1day_observed_20110702.shp.tiff",4.11
"sum","nws_precip_1day_observed_20110703.shp.tiff",3.13
"sum","nws_precip_1day_observed_20110704.shp.tiff",335.38
"sum","nws_precip_1day_observed_20110705.shp.tiff",34.56
"sum","nws_precip_1day_observed_20110706.shp.tiff",0.01
"sum","nws_precip_1day_observed_20110707.shp.tiff",652.18
"sum","nws_precip_1day_observed_20110708.shp.tiff",53.75
"sum","nws_precip_1day_observed_20110709.shp.tiff",417.8
"sum","nws_precip_1day_observed_20110710.shp.tiff",0
"sum","nws_precip_1day_observed_20110711.shp.tiff",0.92
"sum","nws_precip_1day_observed_20110712.shp.tiff",188.59
"sum","nws_precip_1day_observed_20110713.shp.tiff",33.37
"sum","nws_precip_1day_observed_20110714.shp.tiff",298.51
"sum","nws_precip_1day_observed_20110715.shp.tiff",3.11
"sum","nws_precip_1day_observed_20110716.shp.tiff",3.43
"sum","nws_precip_1day_observed_20110717.shp.tiff",0.01
"sum","nws_precip_1day_observed_20110718.shp.tiff",159.25
"sum","nws_precip_1day_observed_20110719.shp.tiff",153.09
"sum","nws_precip_1day_observed_20110720.shp.tiff",0.01
"sum","nws_precip_1day_observed_20110721.shp.tiff",0.59
"sum","nws_precip_1day_observed_20110722.shp.tiff",51.14
"sum","nws_precip_1day_observed_20110723.shp.tiff",78.77
"sum","nws_precip_1day_observed_20110724.shp.tiff",15.16
"sum","nws_precip_1day_observed_20110725.shp.tiff",20.39
"sum","nws_precip_1day_observed_20110726.shp.tiff",593.86
"sum","nws_precip_1day_observed_20110727.shp.tiff",376.12
"sum","nws_precip_1day_observed_20110728.shp.tiff",0
"sum","nws_precip_1day_observed_20110729.shp.tiff",0.13
"sum","nws_precip_1day_observed_20110730.shp.tiff",539.82
"sum","nws_precip_1day_observed_20110731.shp.tiff",0
"sum","nws_precip_1day_observed_20110801.shp.tiff",0.22
"sum","nws_precip_1day_observed_20110802.shp.tiff",335.19
"sum","nws_precip_1day_observed_20110803.shp.tiff",143.51
"sum","nws_precip_1day_observed_20110804.shp.tiff",11.52
"sum","nws_precip_1day_observed_20110805.shp.tiff",7.95
"sum","nws_precip_1day_observed_20110806.shp.tiff",33.44
"sum","nws_precip_1day_observed_20110807.shp.tiff",544.84
"sum","nws_precip_1day_observed_20110808.shp.tiff",275.86
"sum","nws_precip_1day_observed_20110809.shp.tiff",37.7
"sum","nws_precip_1day_observed_20110810.shp.tiff",639.41
"sum","nws_precip_1day_observed_20110811.shp.tiff",157.09
"sum","nws_precip_1day_observed_20110812.shp.tiff",1.96
"sum","nws_precip_1day_observed_20110813.shp.tiff",0.02
"sum","nws_precip_1day_observed_20110814.shp.tiff",59.02
"sum","nws_precip_1day_observed_20110815.shp.tiff",734.41
"sum","nws_precip_1day_observed_20110816.shp.tiff",2437.99
"sum","nws_precip_1day_observed_20110817.shp.tiff",215.2
"sum","nws_precip_1day_observed_20110818.shp.tiff",0.65
"sum","nws_precip_1day_observed_20110819.shp.tiff",58.92
"sum","nws_precip_1day_observed_20110820.shp.tiff",296.84
"sum","nws_precip_1day_observed_20110821.shp.tiff",3.43
"sum","nws_precip_1day_observed_20110822.shp.tiff",1115.68
"sum","nws_precip_1day_observed_20110823.shp.tiff",42.55
"sum","nws_precip_1day_observed_20110824.shp.tiff",0.82
"sum","nws_precip_1day_observed_20110825.shp.tiff",2.47
"sum","nws_precip_1day_observed_20110826.shp.tiff",443.21
"sum","nws_precip_1day_observed_20110827.shp.tiff",0.07
"sum","nws_precip_1day_observed_20110828.shp.tiff",3092.75
"sum","nws_precip_1day_observed_20110829.shp.tiff",4043.58
"sum","nws_precip_1day_observed_20110830.shp.tiff",0
"sum","nws_precip_1day_observed_20110831.shp.tiff",2.16
"sum","nws_precip_1day_observed_20110901.shp.tiff",0.02
"sum","nws_precip_1day_observed_20110902.shp.tiff",68.86
"sum","nws_precip_1day_observed_20110903.shp.tiff",33.33
"sum","nws_precip_1day_observed_20110904.shp.tiff",0.11
"sum","nws_precip_1day_observed_20110905.shp.tiff",758.5
"sum","nws_precip_1day_observed_20110906.shp.tiff",2056.23
"sum","nws_precip_1day_observed_20110907.shp.tiff",992.36
"sum","nws_precip_1day_observed_20110908.shp.tiff",1523.86
"sum","nws_precip_1day_observed_20110909.shp.tiff",72.27
"sum","nws_precip_1day_observed_20110910.shp.tiff",0
"sum","nws_precip_1day_observed_20110911.shp.tiff",0
"sum","nws_precip_1day_observed_20110912.shp.tiff",0.13
"sum","nws_precip_1day_observed_20110913.shp.tiff",7.83
"sum","nws_precip_1day_observed_20110914.shp.tiff",112.94
"sum","nws_precip_1day_observed_20110915.shp.tiff",91.37
"sum","nws_precip_1day_observed_20110916.shp.tiff",341.65
"sum","nws_precip_1day_observed_20110917.shp.tiff",0.06
"sum","nws_precip_1day_observed_20110918.shp.tiff",0.12
"sum","nws_precip_1day_observed_20110919.shp.tiff",0
"sum","nws_precip_1day_observed_20110920.shp.tiff",45.27
"sum","nws_precip_1day_observed_20110921.shp.tiff",116.06
"sum","nws_precip_1day_observed_20110922.shp.tiff",284.78
"sum","nws_precip_1day_observed_20110923.shp.tiff",280.66
"sum","nws_precip_1day_observed_20110924.shp.tiff",938.18
"sum","nws_precip_1day_observed_20110925.shp.tiff",7.58
"sum","nws_precip_1day_observed_20110926.shp.tiff",0
"sum","nws_precip_1day_observed_20110927.shp.tiff",0.01
"sum","nws_precip_1day_observed_20110928.shp.tiff",49.5
"sum","nws_precip_1day_observed_20110929.shp.tiff",758.82
"sum","nws_precip_1day_observed_20110930.shp.tiff",1512.39
"sum","nws_precip_1day_observed_20111001.shp.tiff",652.5
"sum","nws_precip_1day_observed_20111002.shp.tiff",417.92
"sum","nws_precip_1day_observed_20111003.shp.tiff",312.46
"sum","nws_precip_1day_observed_20111004.shp.tiff",318.08
"sum","nws_precip_1day_observed_20111005.shp.tiff",323.84
"sum","nws_precip_1day_observed_20111006.shp.tiff",4.18
"sum","nws_precip_1day_observed_20111007.shp.tiff",0
"sum","nws_precip_1day_observed_20111008.shp.tiff",0
"sum","nws_precip_1day_observed_20111009.shp.tiff",0
"sum","nws_precip_1day_observed_20111010.shp.tiff",0
"sum","nws_precip_1day_observed_20111011.shp.tiff",0
"sum","nws_precip_1day_observed_20111012.shp.tiff",0.06
"sum","nws_precip_1day_observed_20111013.shp.tiff",463.7
"sum","nws_precip_1day_observed_20111014.shp.tiff",320.43
"sum","nws_precip_1day_observed_20111015.shp.tiff",1662.18
"sum","nws_precip_1day_observed_20111016.shp.tiff",73.13
"sum","nws_precip_1day_observed_20111017.shp.tiff",111.64
"sum","nws_precip_1day_observed_20111018.shp.tiff",14.82
"sum","nws_precip_1day_observed_20111019.shp.tiff",6.21
"sum","nws_precip_1day_observed_20111020.shp.tiff",626.6
"sum","nws_precip_1day_observed_20111021.shp.tiff",26.04
"sum","nws_precip_1day_observed_20111022.shp.tiff",0.46
"sum","nws_precip_1day_observed_20111023.shp.tiff",3.32
"sum","nws_precip_1day_observed_20111024.shp.tiff",0
"sum","nws_precip_1day_observed_20111025.shp.tiff",102.6
"sum","nws_precip_1day_observed_20111026.shp.tiff",8.78
"sum","nws_precip_1day_observed_20111027.shp.tiff",245.12
"sum","nws_precip_1day_observed_20111028.shp.tiff",524.3
"sum","nws_precip_1day_observed_20111029.shp.tiff",0.01
"sum","nws_precip_1day_observed_20111030.shp.tiff",1027.21
"sum","nws_precip_1day_observed_20111031.shp.tiff",0.41
"sum","nws_precip_1day_observed_20111101.shp.tiff",0.1
"sum","nws_precip_1day_observed_20111102.shp.tiff",0
"sum","nws_precip_1day_observed_20111103.shp.tiff",0
"sum","nws_precip_1day_observed_20111104.shp.tiff",0
"sum","nws_precip_1day_observed_20111105.shp.tiff",0.67
"sum","nws_precip_1day_observed_20111106.shp.tiff",0.02
"sum","nws_precip_1day_observed_20111107.shp.tiff",0.11
"sum","nws_precip_1day_observed_20111108.shp.tiff",0.11
"sum","nws_precip_1day_observed_20111109.shp.tiff",0
"sum","nws_precip_1day_observed_20111110.shp.tiff",0.12
"sum","nws_precip_1day_observed_20111111.shp.tiff",529.5
"sum","nws_precip_1day_observed_20111112.shp.tiff",28.73
"sum","nws_precip_1day_observed_20111113.shp.tiff",0.06
"sum","nws_precip_1day_observed_20111114.shp.tiff",2.61
"sum","nws_precip_1day_observed_20111115.shp.tiff",192.83
"sum","nws_precip_1day_observed_20111116.shp.tiff",16.08
"sum","nws_precip_1day_observed_20111117.shp.tiff",396.14
"sum","nws_precip_1day_observed_20111118.shp.tiff",21.02
"sum","nws_precip_1day_observed_20111119.shp.tiff",1.88
"sum","nws_precip_1day_observed_20111120.shp.tiff",3.21
"sum","nws_precip_1day_observed_20111121.shp.tiff",8.14
"sum","nws_precip_1day_observed_20111122.shp.tiff",0.1
"sum","nws_precip_1day_observed_20111123.shp.tiff",1502.49
"sum","nws_precip_1day_observed_20111124.shp.tiff",250.5
"sum","nws_precip_1day_observed_20111125.shp.tiff",0
"sum","nws_precip_1day_observed_20111126.shp.tiff",0
"sum","nws_precip_1day_observed_20111127.shp.tiff",0.02
"sum","nws_precip_1day_observed_20111128.shp.tiff",12.64
"sum","nws_precip_1day_observed_20111129.shp.tiff",35.65
"sum","nws_precip_1day_observed_20111130.shp.tiff",1232.92
"sum","nws_precip_1day_observed_20111201.shp.tiff",1.36
"sum","nws_precip_1day_observed_20111202.shp.tiff",0
"sum","nws_precip_1day_observed_20111203.shp.tiff",34.62
"sum","nws_precip_1day_observed_20111204.shp.tiff",0.02
"sum","nws_precip_1day_observed_20111205.shp.tiff",0.06
"sum","nws_precip_1day_observed_20111206.shp.tiff",117.95
"sum","nws_precip_1day_observed_20111207.shp.tiff",247.69
"sum","nws_precip_1day_observed_20111208.shp.tiff",2376.9
"sum","nws_precip_1day_observed_20111209.shp.tiff",2.55
"sum","nws_precip_1day_observed_20111210.shp.tiff",20.7
"sum","nws_precip_1day_observed_20111211.shp.tiff",0.12
"sum","nws_precip_1day_observed_20111212.shp.tiff",0.1
"sum","nws_precip_1day_observed_20111213.shp.tiff",0
"sum","nws_precip_1day_observed_20111214.shp.tiff",1.08
"sum","nws_precip_1day_observed_20111215.shp.tiff",55.92
"sum","nws_precip_1day_observed_20111216.shp.tiff",356.96
"sum","nws_precip_1day_observed_20111217.shp.tiff",8.23
"sum","nws_precip_1day_observed_20111218.shp.tiff",0.07
"sum","nws_precip_1day_observed_20111219.shp.tiff",0
"sum","nws_precip_1day_observed_20111220.shp.tiff",6.47
"sum","nws_precip_1day_observed_20111221.shp.tiff",0.04
"sum","nws_precip_1day_observed_20111222.shp.tiff",538.06
"sum","nws_precip_1day_observed_20111223.shp.tiff",697.48
"sum","nws_precip_1day_observed_20111224.shp.tiff",59.71
"sum","nws_precip_1day_observed_20111225.shp.tiff",7.19
"sum","nws_precip_1day_observed_20111226.shp.tiff",22.44
"sum","nws_precip_1day_observed_20111227.shp.tiff",0
"sum","nws_precip_1day_observed_20111228.shp.tiff",1018.35
"sum","nws_precip_1day_observed_20111229.shp.tiff",4.99
"sum","nws_precip_1day_observed_20111230.shp.tiff",0.01
"sum","nws_precip_1day_observed_20111231.shp.tiff",88.53
"sum","nws_precip_1day_observed_20120101.shp.tiff",56.16
"sum","nws_precip_1day_observed_20120102.shp.tiff",293.27
"sum","nws_precip_1day_observed_20120103.shp.tiff",9.69
"sum","nws_precip_1day_observed_20120104.shp.tiff",0.62
"sum","nws_precip_1day_observed_20120105.shp.tiff",1.55
"sum","nws_precip_1day_observed_20120106.shp.tiff",31.12
"sum","nws_precip_1day_observed_20120107.shp.tiff",19.32
"sum","nws_precip_1day_observed_20120108.shp.tiff",19.83
"sum","nws_precip_1day_observed_20120109.shp.tiff",0
"sum","nws_precip_1day_observed_20120110.shp.tiff",0.39
"sum","nws_precip_1day_observed_20120111.shp.tiff",0.18
"sum","nws_precip_1day_observed_20120112.shp.tiff",194.31
"sum","nws_precip_1day_observed_20120113.shp.tiff",552.97
"sum","nws_precip_1day_observed_20120114.shp.tiff",151.25
"sum","nws_precip_1day_observed_20120115.shp.tiff",0.01
"sum","nws_precip_1day_observed_20120116.shp.tiff",0.01
"sum","nws_precip_1day_observed_20120117.shp.tiff",94.38
"sum","nws_precip_1day_observed_20120118.shp.tiff",189.7
"sum","nws_precip_1day_observed_20120119.shp.tiff",0.04
"sum","nws_precip_1day_observed_20120120.shp.tiff",89.06
"sum","nws_precip_1day_observed_20120121.shp.tiff",34.39
"sum","nws_precip_1day_observed_20120122.shp.tiff",108.69
"sum","nws_precip_1day_observed_20120123.shp.tiff",0
"sum","nws_precip_1day_observed_20120124.shp.tiff",417.84
"sum","nws_precip_1day_observed_20120125.shp.tiff",4.22
"sum","nws_precip_1day_observed_20120126.shp.tiff",22.76
"sum","nws_precip_1day_observed_20120127.shp.tiff",988.88
"sum","nws_precip_1day_observed_20120128.shp.tiff",670.19
"sum","nws_precip_1day_observed_20120129.shp.tiff",7.01
"sum","nws_precip_1day_observed_20120130.shp.tiff",13.75
"sum","nws_precip_1day_observed_20120131.shp.tiff",20.62
"sum","nws_precip_1day_observed_20120201.shp.tiff",50.95
"sum","nws_precip_1day_observed_20120202.shp.tiff",65.64
"sum","nws_precip_1day_observed_20120203.shp.tiff",0
"sum","nws_precip_1day_observed_20120204.shp.tiff",2.71
"sum","nws_precip_1day_observed_20120205.shp.tiff",0.11
"sum","nws_precip_1day_observed_20120206.shp.tiff",0
"sum","nws_precip_1day_observed_20120207.shp.tiff",0
"sum","nws_precip_1day_observed_20120208.shp.tiff",0.82
"sum","nws_precip_1day_observed_20120209.shp.tiff",0.26
"sum","nws_precip_1day_observed_20120210.shp.tiff",0.08
"sum","nws_precip_1day_observed_20120211.shp.tiff",0.67
"sum","nws_precip_1day_observed_20120212.shp.tiff",3.26
"sum","nws_precip_1day_observed_20120213.shp.tiff",0.03
"sum","nws_precip_1day_observed_20120214.shp.tiff",1.09
"sum","nws_precip_1day_observed_20120215.shp.tiff",1.99
"sum","nws_precip_1day_observed_20120216.shp.tiff",4.05
"sum","nws_precip_1day_observed_20120217.shp.tiff",93.84
"sum","nws_precip_1day_observed_20120218.shp.tiff",5.45
"sum","nws_precip_1day_observed_20120219.shp.tiff",3.78
"sum","nws_precip_1day_observed_20120220.shp.tiff",0
"sum","nws_precip_1day_observed_20120221.shp.tiff",0
"sum","nws_precip_1day_observed_20120222.shp.tiff",28.65
"sum","nws_precip_1day_observed_20120223.shp.tiff",60.51
"sum","nws_precip_1day_observed_20120224.shp.tiff",75.74
"sum","nws_precip_1day_observed_20120225.shp.tiff",573.31
"sum","nws_precip_1day_observed_20120226.shp.tiff",28.87
"sum","nws_precip_1day_observed_20120227.shp.tiff",0.01
"sum","nws_precip_1day_observed_20120228.shp.tiff",55.93
"sum","nws_precip_1day_observed_20120229.shp.tiff",0.13
"sum","nws_precip_1day_observed_20120301.shp.tiff",607.64
"sum","nws_precip_1day_observed_20120302.shp.tiff",276.61
"sum","nws_precip_1day_observed_20120303.shp.tiff",275.06
"sum","nws_precip_1day_observed_20120304.shp.tiff",105
"sum","nws_precip_1day_observed_20120305.shp.tiff",10.72
"sum","nws_precip_1day_observed_20120306.shp.tiff",0.01
"sum","nws_precip_1day_observed_20120307.shp.tiff",0
"sum","nws_precip_1day_observed_20120308.shp.tiff",0
"sum","nws_precip_1day_observed_20120309.shp.tiff",302.27
"sum","nws_precip_1day_observed_20120310.shp.tiff",29.55
"sum","nws_precip_1day_observed_20120311.shp.tiff",1.31
"sum","nws_precip_1day_observed_20120312.shp.tiff",0.01
"sum","nws_precip_1day_observed_20120313.shp.tiff",78.02
"sum","nws_precip_1day_observed_20120314.shp.tiff",67.86
"sum","nws_precip_1day_observed_20120315.shp.tiff",25.1
"sum","nws_precip_1day_observed_20120316.shp.tiff",79.38
"sum","nws_precip_1day_observed_20120317.shp.tiff",145.72
"sum","nws_precip_1day_observed_20120318.shp.tiff",1.93
"sum","nws_precip_1day_observed_20120319.shp.tiff",0.05
"sum","nws_precip_1day_observed_20120320.shp.tiff",13.93
"sum","nws_precip_1day_observed_20120321.shp.tiff",0
"sum","nws_precip_1day_observed_20120322.shp.tiff",0.02
"sum","nws_precip_1day_observed_20120323.shp.tiff",2.62
"sum","nws_precip_1day_observed_20120324.shp.tiff",0.28
"sum","nws_precip_1day_observed_20120325.shp.tiff",157.1
"sum","nws_precip_1day_observed_20120326.shp.tiff",76.82
"sum","nws_precip_1day_observed_20120327.shp.tiff",0.04
"sum","nws_precip_1day_observed_20120328.shp.tiff",42.7
"sum","nws_precip_1day_observed_20120329.shp.tiff",143.69
"sum","nws_precip_1day_observed_20120330.shp.tiff",2.7
"sum","nws_precip_1day_observed_20120331.shp.tiff",89.01
"sum","nws_precip_1day_observed_20120401.shp.tiff",5.71
"sum","nws_precip_1day_observed_20120402.shp.tiff",133.06
"sum","nws_precip_1day_observed_20120403.shp.tiff",0.01
"sum","nws_precip_1day_observed_20120404.shp.tiff",14.37
"sum","nws_precip_1day_observed_20120405.shp.tiff",32.45
"sum","nws_precip_1day_observed_20120406.shp.tiff",0.52
"sum","nws_precip_1day_observed_20120407.shp.tiff",0
"sum","nws_precip_1day_observed_20120408.shp.tiff",3.41
"sum","nws_precip_1day_observed_20120409.shp.tiff",50.98
"sum","nws_precip_1day_observed_20120410.shp.tiff",107.8
"sum","nws_precip_1day_observed_20120411.shp.tiff",28.1
"sum","nws_precip_1day_observed_20120412.shp.tiff",36.6
"sum","nws_precip_1day_observed_20120413.shp.tiff",63.04
"sum","nws_precip_1day_observed_20120414.shp.tiff",0
"sum","nws_precip_1day_observed_20120415.shp.tiff",9.16
"sum","nws_precip_1day_observed_20120416.shp.tiff",35.17
"sum","nws_precip_1day_observed_20120417.shp.tiff",1.14
"sum","nws_precip_1day_observed_20120418.shp.tiff",0.01
"sum","nws_precip_1day_observed_20120419.shp.tiff",0.03
"sum","nws_precip_1day_observed_20120420.shp.tiff",0.24
"sum","nws_precip_1day_observed_20120421.shp.tiff",0.15
"sum","nws_precip_1day_observed_20120422.shp.tiff",883.59
"sum","nws_precip_1day_observed_20120423.shp.tiff",2097.04
"sum","nws_precip_1day_observed_20120424.shp.tiff",271.83
"sum","nws_precip_1day_observed_20120425.shp.tiff",40.78
"sum","nws_precip_1day_observed_20120426.shp.tiff",34.65
"sum","nws_precip_1day_observed_20120427.shp.tiff",231.65
"sum","nws_precip_1day_observed_20120428.shp.tiff",6.25
"sum","nws_precip_1day_observed_20120429.shp.tiff",0
"sum","nws_precip_1day_observed_20120430.shp.tiff",0.01
"sum","nws_precip_1day_observed_20120501.shp.tiff",363.69
"sum","nws_precip_1day_observed_20120502.shp.tiff",362.66
"sum","nws_precip_1day_observed_20120503.shp.tiff",207.15
"sum","nws_precip_1day_observed_20120504.shp.tiff",249.91
"sum","nws_precip_1day_observed_20120505.shp.tiff",35.37
"sum","nws_precip_1day_observed_20120506.shp.tiff",0.24
"sum","nws_precip_1day_observed_20120507.shp.tiff",0.24
"sum","nws_precip_1day_observed_20120508.shp.tiff",352.52
"sum","nws_precip_1day_observed_20120509.shp.tiff",851.01
"sum","nws_precip_1day_observed_20120510.shp.tiff",779.01
"sum","nws_precip_1day_observed_20120511.shp.tiff",113.53
"sum","nws_precip_1day_observed_20120512.shp.tiff",0.38
"sum","nws_precip_1day_observed_20120513.shp.tiff",7.43
"sum","nws_precip_1day_observed_20120514.shp.tiff",100.3
"sum","nws_precip_1day_observed_20120515.shp.tiff",629.33
"sum","nws_precip_1day_observed_20120516.shp.tiff",503.21
"sum","nws_precip_1day_observed_20120517.shp.tiff",385.99
"sum","nws_precip_1day_observed_20120518.shp.tiff",0
"sum","nws_precip_1day_observed_20120519.shp.tiff",0
"sum","nws_precip_1day_observed_20120520.shp.tiff",0
"sum","nws_precip_1day_observed_20120521.shp.tiff",0
"sum","nws_precip_1day_observed_20120522.shp.tiff",102.24
"sum","nws_precip_1day_observed_20120523.shp.tiff",111.52
"sum","nws_precip_1day_observed_20120524.shp.tiff",67.11
"sum","nws_precip_1day_observed_20120525.shp.tiff",52.98
"sum","nws_precip_1day_observed_20120526.shp.tiff",30.87
"sum","nws_precip_1day_observed_20120527.shp.tiff",7.15
"sum","nws_precip_1day_observed_20120528.shp.tiff",24.75
"sum","nws_precip_1day_observed_20120529.shp.tiff",520.87
"sum","nws_precip_1day_observed_20120530.shp.tiff",1685.14
"sum","nws_precip_1day_observed_20120531.shp.tiff",114.12
"sum","nws_precip_1day_observed_20120601.shp.tiff",1
"sum","nws_precip_1day_observed_20120602.shp.tiff",827.89
"sum","nws_precip_1day_observed_20120603.shp.tiff",1015.82
"sum","nws_precip_1day_observed_20120604.shp.tiff",321.86
"sum","nws_precip_1day_observed_20120605.shp.tiff",172.19
"sum","nws_precip_1day_observed_20120606.shp.tiff",70.78
"sum","nws_precip_1day_observed_20120607.shp.tiff",174.9
"sum","nws_precip_1day_observed_20120608.shp.tiff",71.49
"sum","nws_precip_1day_observed_20120609.shp.tiff",242.19
"sum","nws_precip_1day_observed_20120610.shp.tiff",0.66
"sum","nws_precip_1day_observed_20120611.shp.tiff",1.14
"sum","nws_precip_1day_observed_20120612.shp.tiff",0
"sum","nws_precip_1day_observed_20120613.shp.tiff",766.08
"sum","nws_precip_1day_observed_20120614.shp.tiff",90.17
"sum","nws_precip_1day_observed_20120615.shp.tiff",0
"sum","nws_precip_1day_observed_20120616.shp.tiff",0
"sum","nws_precip_1day_observed_20120617.shp.tiff",0
"sum","nws_precip_1day_observed_20120618.shp.tiff",0
"sum","nws_precip_1day_observed_20120619.shp.tiff",0
"sum","nws_precip_1day_observed_20120620.shp.tiff",0.01
"sum","nws_precip_1day_observed_20120621.shp.tiff",4.32
"sum","nws_precip_1day_observed_20120622.shp.tiff",1.73
"sum","nws_precip_1day_observed_20120623.shp.tiff",152.99
"sum","nws_precip_1day_observed_20120624.shp.tiff",294.81
"sum","nws_precip_1day_observed_20120625.shp.tiff",177.18
"sum","nws_precip_1day_observed_20120626.shp.tiff",596.21
"sum","nws_precip_1day_observed_20120627.shp.tiff",273.73
"sum","nws_precip_1day_observed_20120628.shp.tiff",70.24
"sum","nws_precip_1day_observed_20120629.shp.tiff",133.5
"sum","nws_precip_1day_observed_20120630.shp.tiff",17.57
"sum","nws_precip_1day_observed_20120701.shp.tiff",13.1
"sum","nws_precip_1day_observed_20120702.shp.tiff",100.32
"sum","nws_precip_1day_observed_20120703.shp.tiff",99.83
"sum","nws_precip_1day_observed_20120704.shp.tiff",300.18
"sum","nws_precip_1day_observed_20120705.shp.tiff",379.04
"sum","nws_precip_1day_observed_20120706.shp.tiff",0
"sum","nws_precip_1day_observed_20120707.shp.tiff",49.57
"sum","nws_precip_1day_observed_20120708.shp.tiff",7.99
"sum","nws_precip_1day_observed_20120709.shp.tiff",0.01
"sum","nws_precip_1day_observed_20120710.shp.tiff",0
"sum","nws_precip_1day_observed_20120711.shp.tiff",0.76
"sum","nws_precip_1day_observed_20120713.shp.tiff",0
"sum","nws_precip_1day_observed_20120714.shp.tiff",21.61
"sum","nws_precip_1day_observed_20120715.shp.tiff",4.11
"sum","nws_precip_1day_observed_20120716.shp.tiff",264.5
"sum","nws_precip_1day_observed_20120717.shp.tiff",44.63
"sum","nws_precip_1day_observed_20120718.shp.tiff",363.24
"sum","nws_precip_1day_observed_20120719.shp.tiff",47.74
"sum","nws_precip_1day_observed_20120720.shp.tiff",8.1
"sum","nws_precip_1day_observed_20120721.shp.tiff",55.21
"sum","nws_precip_1day_observed_20120722.shp.tiff",0.43
"sum","nws_precip_1day_observed_20120723.shp.tiff",51.97
"sum","nws_precip_1day_observed_20120724.shp.tiff",845.51
"sum","nws_precip_1day_observed_20120725.shp.tiff",116.39
"sum","nws_precip_1day_observed_20120726.shp.tiff",14.09
"sum","nws_precip_1day_observed_20120727.shp.tiff",235.76
"sum","nws_precip_1day_observed_20120728.shp.tiff",41.6
"sum","nws_precip_1day_observed_20120729.shp.tiff",785.91
"sum","nws_precip_1day_observed_20120730.shp.tiff",105.42
"sum","nws_precip_1day_observed_20120731.shp.tiff",46.3
"sum","nws_precip_1day_observed_20120801.shp.tiff",0.44
"sum","nws_precip_1day_observed_20120802.shp.tiff",76.61
"sum","nws_precip_1day_observed_20120803.shp.tiff",0.83
"sum","nws_precip_1day_observed_20120804.shp.tiff",26.35
"sum","nws_precip_1day_observed_20120805.shp.tiff",172.24
"sum","nws_precip_1day_observed_20120806.shp.tiff",872.32
"sum","nws_precip_1day_observed_20120807.shp.tiff",0.01
"sum","nws_precip_1day_observed_20120808.shp.tiff",0.01
"sum","nws_precip_1day_observed_20120809.shp.tiff",5.45
"sum","nws_precip_1day_observed_20120810.shp.tiff",573.26
"sum","nws_precip_1day_observed_20120811.shp.tiff",1068.08
"sum","nws_precip_1day_observed_20120812.shp.tiff",629.88
"sum","nws_precip_1day_observed_20120813.shp.tiff",131.01
"sum","nws_precip_1day_observed_20120814.shp.tiff",2.98
"sum","nws_precip_1day_observed_20120815.shp.tiff",475.92
"sum","nws_precip_1day_observed_20120816.shp.tiff",270.99
"sum","nws_precip_1day_observed_20120817.shp.tiff",57.69
"sum","nws_precip_1day_observed_20120818.shp.tiff",296.88
"sum","nws_precip_1day_observed_20120819.shp.tiff",2.5
"sum","nws_precip_1day_observed_20120820.shp.tiff",0
"sum","nws_precip_1day_observed_20120821.shp.tiff",31.52
"sum","nws_precip_1day_observed_20120822.shp.tiff",0
"sum","nws_precip_1day_observed_20120823.shp.tiff",0.37
"sum","nws_precip_1day_observed_20120824.shp.tiff",18.73
"sum","nws_precip_1day_observed_20120825.shp.tiff",0.59
"sum","nws_precip_1day_observed_20120826.shp.tiff",26.57
"sum","nws_precip_1day_observed_20120827.shp.tiff",1.1
"sum","nws_precip_1day_observed_20120828.shp.tiff",791.87
"sum","nws_precip_1day_observed_20120829.shp.tiff",118.02
"sum","nws_precip_1day_observed_20120830.shp.tiff",0.03
"sum","nws_precip_1day_observed_20120831.shp.tiff",0
"sum","nws_precip_1day_observed_20120901.shp.tiff",116.87
"sum","nws_precip_1day_observed_20120902.shp.tiff",20.86
"sum","nws_precip_1day_observed_20120903.shp.tiff",16.15
"sum","nws_precip_1day_observed_20120904.shp.tiff",42.47
"sum","nws_precip_1day_observed_20120905.shp.tiff",1183.19
"sum","nws_precip_1day_observed_20120906.shp.tiff",42.75
"sum","nws_precip_1day_observed_20120907.shp.tiff",21.05
"sum","nws_precip_1day_observed_20120908.shp.tiff",17.19
"sum","nws_precip_1day_observed_20120909.shp.tiff",1077.23
"sum","nws_precip_1day_observed_20120910.shp.tiff",1.24
"sum","nws_precip_1day_observed_20120911.shp.tiff",0.01
"sum","nws_precip_1day_observed_20120912.shp.tiff",0
"sum","nws_precip_1day_observed_20120913.shp.tiff",0
"sum","nws_precip_1day_observed_20120914.shp.tiff",0
"sum","nws_precip_1day_observed_20120915.shp.tiff",45.92
"sum","nws_precip_1day_observed_20120916.shp.tiff",0.42
"sum","nws_precip_1day_observed_20120917.shp.tiff",0
"sum","nws_precip_1day_observed_20120918.shp.tiff",1.96
"sum","nws_precip_1day_observed_20120919.shp.tiff",2350.77
"sum","nws_precip_1day_observed_20120920.shp.tiff",2.36
"sum","nws_precip_1day_observed_20120921.shp.tiff",0
"sum","nws_precip_1day_observed_20120922.shp.tiff",0.03
"sum","nws_precip_1day_observed_20120923.shp.tiff",633.59
"sum","nws_precip_1day_observed_20120924.shp.tiff",0
"sum","nws_precip_1day_observed_20120925.shp.tiff",5.86
"sum","nws_precip_1day_observed_20120926.shp.tiff",74.81
"sum","nws_precip_1day_observed_20120927.shp.tiff",81.92
"sum","nws_precip_1day_observed_20120929.shp.tiff",839.64
"sum","nws_precip_1day_observed_20120930.shp.tiff",14.24
"sum","nws_precip_1day_observed_20121001.shp.tiff",303.59
"sum","nws_precip_1day_observed_20121002.shp.tiff",5.94
"sum","nws_precip_1day_observed_20121003.shp.tiff",214.82
"sum","nws_precip_1day_observed_20121004.shp.tiff",125.28
"sum","nws_precip_1day_observed_20121005.shp.tiff",297.33
"sum","nws_precip_1day_observed_20121006.shp.tiff",17.76
"sum","nws_precip_1day_observed_20121007.shp.tiff",88.26
"sum","nws_precip_1day_observed_20121008.shp.tiff",188.03
"sum","nws_precip_1day_observed_20121009.shp.tiff",1.91
"sum","nws_precip_1day_observed_20121010.shp.tiff",17.94
"sum","nws_precip_1day_observed_20121011.shp.tiff",186.77
"sum","nws_precip_1day_observed_20121012.shp.tiff",46.15
"sum","nws_precip_1day_observed_20121013.shp.tiff",23.02
"sum","nws_precip_1day_observed_20121014.shp.tiff",369.49
"sum","nws_precip_1day_observed_20121015.shp.tiff",71.11
"sum","nws_precip_1day_observed_20121016.shp.tiff",432.96
"sum","nws_precip_1day_observed_20121017.shp.tiff",0.02
"sum","nws_precip_1day_observed_20121018.shp.tiff",0.14
"sum","nws_precip_1day_observed_20121019.shp.tiff",134.22
"sum","nws_precip_1day_observed_20121020.shp.tiff",1367.89
"sum","nws_precip_1day_observed_20121021.shp.tiff",12.72
"sum","nws_precip_1day_observed_20121022.shp.tiff",2.44
"sum","nws_precip_1day_observed_20121023.shp.tiff",0
"sum","nws_precip_1day_observed_20121024.shp.tiff",22.48
"sum","nws_precip_1day_observed_20121025.shp.tiff",0.1
"sum","nws_precip_1day_observed_20121026.shp.tiff",0
"sum","nws_precip_1day_observed_20121027.shp.tiff",0.01
"sum","nws_precip_1day_observed_20121028.shp.tiff",0
"sum","nws_precip_1day_observed_20121029.shp.tiff",17.3
"sum","nws_precip_1day_observed_20121030.shp.tiff",1800.8
"sum","nws_precip_1day_observed_20121031.shp.tiff",596.62
"sum","nws_precip_1day_observed_20121101.shp.tiff",23.17
"sum","nws_precip_1day_observed_20121102.shp.tiff",1.23
"sum","nws_precip_1day_observed_20121103.shp.tiff",4.17
"sum","nws_precip_1day_observed_20121104.shp.tiff",7.25
"sum","nws_precip_1day_observed_20121105.shp.tiff",0.4
"sum","nws_precip_1day_observed_20121106.shp.tiff",1.48
"sum","nws_precip_1day_observed_20121107.shp.tiff",0
"sum","nws_precip_1day_observed_20121108.shp.tiff",174.58
"sum","nws_precip_1day_observed_20121109.shp.tiff",55.8
"sum","nws_precip_1day_observed_20121110.shp.tiff",0.04
"sum","nws_precip_1day_observed_20121111.shp.tiff",1.8
"sum","nws_precip_1day_observed_20121112.shp.tiff",3.97
"sum","nws_precip_1day_observed_20121113.shp.tiff",224.98
"sum","nws_precip_1day_observed_20121114.shp.tiff",303.47
"sum","nws_precip_1day_observed_20121115.shp.tiff",0
"sum","nws_precip_1day_observed_20121116.shp.tiff",0
"sum","nws_precip_1day_observed_20121117.shp.tiff",0.01
"sum","nws_precip_1day_observed_20121118.shp.tiff",0
"sum","nws_precip_1day_observed_20121119.shp.tiff",0
"sum","nws_precip_1day_observed_20121120.shp.tiff",0.01
"sum","nws_precip_1day_observed_20121121.shp.tiff",0.01
"sum","nws_precip_1day_observed_20121122.shp.tiff",0
"sum","nws_precip_1day_observed_20121123.shp.tiff",0
"sum","nws_precip_1day_observed_20121124.shp.tiff",47.7
"sum","nws_precip_1day_observed_20121125.shp.tiff",3.79
"sum","nws_precip_1day_observed_20121126.shp.tiff",1.02
"sum","nws_precip_1day_observed_20121127.shp.tiff",2.41
"sum","nws_precip_1day_observed_20121128.shp.tiff",51.43
"sum","nws_precip_1day_observed_20121129.shp.tiff",1.64
"sum","nws_precip_1day_observed_20121130.shp.tiff",36.21
"sum","nws_precip_1day_observed_20121201.shp.tiff",19.46
"sum","nws_precip_1day_observed_20121202.shp.tiff",21.32
"sum","nws_precip_1day_observed_20121203.shp.tiff",293.78
"sum","nws_precip_1day_observed_20121204.shp.tiff",0
"sum","nws_precip_1day_observed_20121205.shp.tiff",297.71
"sum","nws_precip_1day_observed_20121206.shp.tiff",4.25
"sum","nws_precip_1day_observed_20121207.shp.tiff",0.01
"sum","nws_precip_1day_observed_20121208.shp.tiff",207.38
"sum","nws_precip_1day_observed_20121209.shp.tiff",94.75
"sum","nws_precip_1day_observed_20121210.shp.tiff",455.74
"sum","nws_precip_1day_observed_20121211.shp.tiff",447.1
"sum","nws_precip_1day_observed_20121212.shp.tiff",0.31
"sum","nws_precip_1day_observed_20121213.shp.tiff",0.65
"sum","nws_precip_1day_observed_20121214.shp.tiff",1.27
"sum","nws_precip_1day_observed_20121215.shp.tiff",1.01
"sum","nws_precip_1day_observed_20121216.shp.tiff",0.17
"sum","nws_precip_1day_observed_20121217.shp.tiff",366.15
"sum","nws_precip_1day_observed_20121218.shp.tiff",747.29
"sum","nws_precip_1day_observed_20121219.shp.tiff",294.32
"sum","nws_precip_1day_observed_20121220.shp.tiff",4.82
"sum","nws_precip_1day_observed_20121221.shp.tiff",290.65
"sum","nws_precip_1day_observed_20121222.shp.tiff",1152.5
"sum","nws_precip_1day_observed_20121223.shp.tiff",10.31
"sum","nws_precip_1day_observed_20121224.shp.tiff",3.48
"sum","nws_precip_1day_observed_20121225.shp.tiff",45.69
"sum","nws_precip_1day_observed_20121226.shp.tiff",21.74
"sum","nws_precip_1day_observed_20121227.shp.tiff",763.41
"sum","nws_precip_1day_observed_20121228.shp.tiff",509.78
"sum","nws_precip_1day_observed_20121229.shp.tiff",0
"sum","nws_precip_1day_observed_20121230.shp.tiff",304.26
"sum","nws_precip_1day_observed_20130101.shp.tiff",6.17
"sum","nws_precip_1day_observed_20130102.shp.tiff",0.36
"sum","nws_precip_1day_observed_20130103.shp.tiff",0.04
"sum","nws_precip_1day_observed_20130104.shp.tiff",0.47
"sum","nws_precip_1day_observed_20130105.shp.tiff",6.14
"sum","nws_precip_1day_observed_20130106.shp.tiff",54.75
"sum","nws_precip_1day_observed_20130107.shp.tiff",29.5
"sum","nws_precip_1day_observed_20130108.shp.tiff",0
"sum","nws_precip_1day_observed_20130109.shp.tiff",0.05
"sum","nws_precip_1day_observed_20130110.shp.tiff",59.18
"sum","nws_precip_1day_observed_20130111.shp.tiff",0.29
"sum","nws_precip_1day_observed_20130112.shp.tiff",224.83
"sum","nws_precip_1day_observed_20130113.shp.tiff",4.41
"sum","nws_precip_1day_observed_20130114.shp.tiff",34.87
"sum","nws_precip_1day_observed_20130115.shp.tiff",5.51
"sum","nws_precip_1day_observed_20130116.shp.tiff",191.93
"sum","nws_precip_1day_observed_20130117.shp.tiff",192.04
"sum","nws_precip_1day_observed_20130118.shp.tiff",1.53
"sum","nws_precip_1day_observed_20130119.shp.tiff",28.58
"sum","nws_precip_1day_observed_20130120.shp.tiff",15.94
"sum","nws_precip_1day_observed_20130121.shp.tiff",23.08
"sum","nws_precip_1day_observed_20130122.shp.tiff",9.35
"sum","nws_precip_1day_observed_20130123.shp.tiff",0.19
"sum","nws_precip_1day_observed_20130124.shp.tiff",0
"sum","nws_precip_1day_observed_20130125.shp.tiff",0.01
"sum","nws_precip_1day_observed_20130126.shp.tiff",4.8
"sum","nws_precip_1day_observed_20130127.shp.tiff",0.88
"sum","nws_precip_1day_observed_20130128.shp.tiff",0
"sum","nws_precip_1day_observed_20130129.shp.tiff",252.76
"sum","nws_precip_1day_observed_20130130.shp.tiff",176.47
"sum","nws_precip_1day_observed_20130131.shp.tiff",1224.5
"sum","nws_precip_1day_observed_20130201.shp.tiff",189.88
"sum","nws_precip_1day_observed_20130202.shp.tiff",0.04
"sum","nws_precip_1day_observed_20130203.shp.tiff",1.52
"sum","nws_precip_1day_observed_20130204.shp.tiff",0.03
"sum","nws_precip_1day_observed_20130205.shp.tiff",0.04
"sum","nws_precip_1day_observed_20130206.shp.tiff",1.54
"sum","nws_precip_1day_observed_20130207.shp.tiff",1.48
"sum","nws_precip_1day_observed_20130208.shp.tiff",19.66
"sum","nws_precip_1day_observed_20130209.shp.tiff",984.92
"sum","nws_precip_1day_observed_20130210.shp.tiff",39.75
"sum","nws_precip_1day_observed_20130211.shp.tiff",10.67
"sum","nws_precip_1day_observed_20130212.shp.tiff",218.17
"sum","nws_precip_1day_observed_20130213.shp.tiff",4.27
"sum","nws_precip_1day_observed_20130214.shp.tiff",13.74
"sum","nws_precip_1day_observed_20130215.shp.tiff",0.06
"sum","nws_precip_1day_observed_20130216.shp.tiff",70.94
"sum","nws_precip_1day_observed_20130217.shp.tiff",31.37
"sum","nws_precip_1day_observed_20130218.shp.tiff",4.02
"sum","nws_precip_1day_observed_20130219.shp.tiff",0
"sum","nws_precip_1day_observed_20130220.shp.tiff",204.81
"sum","nws_precip_1day_observed_20130221.shp.tiff",10.08
"sum","nws_precip_1day_observed_20130222.shp.tiff",4.06
"sum","nws_precip_1day_observed_20130223.shp.tiff",9.93
"sum","nws_precip_1day_observed_20130224.shp.tiff",152.53
"sum","nws_precip_1day_observed_20130225.shp.tiff",108.1
"sum","nws_precip_1day_observed_20130226.shp.tiff",0
"sum","nws_precip_1day_observed_20130227.shp.tiff",315.82
"sum","nws_precip_1day_observed_20130228.shp.tiff",592.76
"sum","nws_precip_1day_observed_20130301.shp.tiff",14.86
"sum","nws_precip_1day_observed_20130302.shp.tiff",3.12
"sum","nws_precip_1day_observed_20130303.shp.tiff",40.51
"sum","nws_precip_1day_observed_20130304.shp.tiff",14.7
"sum","nws_precip_1day_observed_20130305.shp.tiff",21.85
"sum","nws_precip_1day_observed_20130306.shp.tiff",0.69
"sum","nws_precip_1day_observed_20130307.shp.tiff",15.83
"sum","nws_precip_1day_observed_20130308.shp.tiff",329.18
"sum","nws_precip_1day_observed_20130309.shp.tiff",184.29
"sum","nws_precip_1day_observed_20130310.shp.tiff",0.02
"sum","nws_precip_1day_observed_20130311.shp.tiff",2.43
"sum","nws_precip_1day_observed_20130312.shp.tiff",85.25
"sum","nws_precip_1day_observed_20130313.shp.tiff",1240.07
"sum","nws_precip_1day_observed_20130314.shp.tiff",10.4
"sum","nws_precip_1day_observed_20130315.shp.tiff",0.34
"sum","nws_precip_1day_observed_20130316.shp.tiff",23.34
"sum","nws_precip_1day_observed_20130317.shp.tiff",0.59
"sum","nws_precip_1day_observed_20130318.shp.tiff",0.17
"sum","nws_precip_1day_observed_20130319.shp.tiff",495.26
"sum","nws_precip_1day_observed_20130320.shp.tiff",529.18
"sum","nws_precip_1day_observed_20130321.shp.tiff",17.94
"sum","nws_precip_1day_observed_20130322.shp.tiff",4.38
"sum","nws_precip_1day_observed_20130323.shp.tiff",5.15
"sum","nws_precip_1day_observed_20130324.shp.tiff",5.15
"sum","nws_precip_1day_observed_20130325.shp.tiff",0.06
"sum","nws_precip_1day_observed_20130326.shp.tiff",2.06
"sum","nws_precip_1day_observed_20130327.shp.tiff",0.45
"sum","nws_precip_1day_observed_20130328.shp.tiff",14.3
"sum","nws_precip_1day_observed_20130329.shp.tiff",8.53
"sum","nws_precip_1day_observed_20130330.shp.tiff",5.55
"sum","nws_precip_1day_observed_20130331.shp.tiff",0
"sum","nws_precip_1day_observed_20130401.shp.tiff",398.86
"sum","nws_precip_1day_observed_20130402.shp.tiff",108.42
"sum","nws_precip_1day_observed_20130403.shp.tiff",3.76
"sum","nws_precip_1day_observed_20130404.shp.tiff",0
"sum","nws_precip_1day_observed_20130405.shp.tiff",0
"sum","nws_precip_1day_observed_20130406.shp.tiff",4.44
"sum","nws_precip_1day_observed_20130407.shp.tiff",5.91
"sum","nws_precip_1day_observed_20130408.shp.tiff",47.24
"sum","nws_precip_1day_observed_20130409.shp.tiff",184.19
"sum","nws_precip_1day_observed_20130410.shp.tiff",337.95
"sum","nws_precip_1day_observed_20130411.shp.tiff",301.76
"sum","nws_precip_1day_observed_20130412.shp.tiff",189.28
"sum","nws_precip_1day_observed_20130413.shp.tiff",662.88
"sum","nws_precip_1day_observed_20130414.shp.tiff",26.42
"sum","nws_precip_1day_observed_20130415.shp.tiff",20.16
"sum","nws_precip_1day_observed_20130416.shp.tiff",2.44
"sum","nws_precip_1day_observed_20130417.shp.tiff",151.71
"sum","nws_precip_1day_observed_20130418.shp.tiff",0.57
"sum","nws_precip_1day_observed_20130419.shp.tiff",32.34
"sum","nws_precip_1day_observed_20130420.shp.tiff",899.88
"sum","nws_precip_1day_observed_20130421.shp.tiff",0.63
"sum","nws_precip_1day_observed_20130422.shp.tiff",0
"sum","nws_precip_1day_observed_20130423.shp.tiff",0
"sum","nws_precip_1day_observed_20130424.shp.tiff",0
"sum","nws_precip_1day_observed_20130425.shp.tiff",50.23
"sum","nws_precip_1day_observed_20130426.shp.tiff",0.74
"sum","nws_precip_1day_observed_20130427.shp.tiff",9.02
"sum","nws_precip_1day_observed_20130428.shp.tiff",0
"sum","nws_precip_1day_observed_20130429.shp.tiff",0.02
"sum","nws_precip_1day_observed_20130430.shp.tiff",3.87
"sum","nws_precip_1day_observed_20130501.shp.tiff",0.01
"sum","nws_precip_1day_observed_20130502.shp.tiff",0
"sum","nws_precip_1day_observed_20130503.shp.tiff",6.67
"sum","nws_precip_1day_observed_20130504.shp.tiff",0
"sum","nws_precip_1day_observed_20130505.shp.tiff",0
"sum","nws_precip_1day_observed_20130506.shp.tiff",0
"sum","nws_precip_1day_observed_20130507.shp.tiff",0
"sum","nws_precip_1day_observed_20130509.shp.tiff",524.56
"sum","nws_precip_1day_observed_20130510.shp.tiff",330.05
"sum","nws_precip_1day_observed_20130511.shp.tiff",133.14
"sum","nws_precip_1day_observed_20130512.shp.tiff",383.97
"sum","nws_precip_1day_observed_20130513.shp.tiff",3.96
"sum","nws_precip_1day_observed_20130514.shp.tiff",1.78
"sum","nws_precip_1day_observed_20130515.shp.tiff",0.1
"sum","nws_precip_1day_observed_20130516.shp.tiff",126.53
"sum","nws_precip_1day_observed_20130517.shp.tiff",1.77
"sum","nws_precip_1day_observed_20130518.shp.tiff",0.22
"sum","nws_precip_1day_observed_20130519.shp.tiff",0.46
"sum","nws_precip_1day_observed_20130520.shp.tiff",330.4
"sum","nws_precip_1day_observed_20130521.shp.tiff",117.39
"sum","nws_precip_1day_observed_20130522.shp.tiff",1504.9
"sum","nws_precip_1day_observed_20130523.shp.tiff",377.3
"sum","nws_precip_1day_observed_20130524.shp.tiff",1377.63
"sum","nws_precip_1day_observed_20130525.shp.tiff",688.47
"sum","nws_precip_1day_observed_20130526.shp.tiff",594.94
"sum","nws_precip_1day_observed_20130527.shp.tiff",14.37
"sum","nws_precip_1day_observed_20130528.shp.tiff",0
"sum","nws_precip_1day_observed_20130529.shp.tiff",290.89
"sum","nws_precip_1day_observed_20130530.shp.tiff",550.25
"sum","nws_precip_1day_observed_20130531.shp.tiff",4.83
"sum","nws_precip_1day_observed_20130601.shp.tiff",4.58
"sum","nws_precip_1day_observed_20130603.shp.tiff",892.59
"sum","nws_precip_1day_observed_20130604.shp.tiff",79.61
"sum","nws_precip_1day_observed_20130605.shp.tiff",0.01
"sum","nws_precip_1day_observed_20130606.shp.tiff",0.46
"sum","nws_precip_1day_observed_20130607.shp.tiff",315
"sum","nws_precip_1day_observed_20130608.shp.tiff",2334.6
"sum","nws_precip_1day_observed_20130609.shp.tiff",3.52
"sum","nws_precip_1day_observed_20130610.shp.tiff",2.73
"sum","nws_precip_1day_observed_20130611.shp.tiff",1432.7
"sum","nws_precip_1day_observed_20130612.shp.tiff",718.5
"sum","nws_precip_1day_observed_20130613.shp.tiff",25.95
"sum","nws_precip_1day_observed_20130614.shp.tiff",1445.57
"sum","nws_precip_1day_observed_20130615.shp.tiff",13.14
"sum","nws_precip_1day_observed_20130616.shp.tiff",0.01
"sum","nws_precip_1day_observed_20130617.shp.tiff",139.4
"sum","nws_precip_1day_observed_20130618.shp.tiff",269.01
"sum","nws_precip_1day_observed_20130619.shp.tiff",262.12
"sum","nws_precip_1day_observed_20130620.shp.tiff",0
"sum","nws_precip_1day_observed_20130621.shp.tiff",0
"sum","nws_precip_1day_observed_20130622.shp.tiff",2.79
"sum","nws_precip_1day_observed_20130623.shp.tiff",223.61
"sum","nws_precip_1day_observed_20130624.shp.tiff",379.84
"sum","nws_precip_1day_observed_20130625.shp.tiff",286.34
"sum","nws_precip_1day_observed_20130626.shp.tiff",460.67
"sum","nws_precip_1day_observed_20130627.shp.tiff",260.85
"sum","nws_precip_1day_observed_20130628.shp.tiff",1235.21
"sum","nws_precip_1day_observed_20130629.shp.tiff",685.77
"sum","nws_precip_1day_observed_20130630.shp.tiff",158.08
"sum","nws_precip_1day_observed_20130701.shp.tiff",269.54
"sum","nws_precip_1day_observed_20130702.shp.tiff",915.98
"sum","nws_precip_1day_observed_20130703.shp.tiff",659.44
"sum","nws_precip_1day_observed_20130704.shp.tiff",141.31
"sum","nws_precip_1day_observed_20130705.shp.tiff",218.62
"sum","nws_precip_1day_observed_20130706.shp.tiff",175.99
"sum","nws_precip_1day_observed_20130707.shp.tiff",1.01
"sum","nws_precip_1day_observed_20130708.shp.tiff",298.95
"sum","nws_precip_1day_observed_20130709.shp.tiff",265.92
"sum","nws_precip_1day_observed_20130710.shp.tiff",196.09
"sum","nws_precip_1day_observed_20130711.shp.tiff",721.07
"sum","nws_precip_1day_observed_20130712.shp.tiff",45.66
"sum","nws_precip_1day_observed_20130713.shp.tiff",0.36
"sum","nws_precip_1day_observed_20130714.shp.tiff",16.8
"sum","nws_precip_1day_observed_20130715.shp.tiff",3.3
"sum","nws_precip_1day_observed_20130716.shp.tiff",0
"sum","nws_precip_1day_observed_20130717.shp.tiff",5.8
"sum","nws_precip_1day_observed_20130718.shp.tiff",304.79
"sum","nws_precip_1day_observed_20130719.shp.tiff",287.34
"sum","nws_precip_1day_observed_20130720.shp.tiff",160.08
"sum","nws_precip_1day_observed_20130721.shp.tiff",120.41
"sum","nws_precip_1day_observed_20130722.shp.tiff",13.53
"sum","nws_precip_1day_observed_20130723.shp.tiff",1300.75
"sum","nws_precip_1day_observed_20130724.shp.tiff",597.56
"sum","nws_precip_1day_observed_20130725.shp.tiff",2.3
"sum","nws_precip_1day_observed_20130726.shp.tiff",120.8
"sum","nws_precip_1day_observed_20130727.shp.tiff",22.73
"sum","nws_precip_1day_observed_20130728.shp.tiff",0.03
"sum","nws_precip_1day_observed_20130729.shp.tiff",150.14
"sum","nws_precip_1day_observed_20130730.shp.tiff",68.76
"sum","nws_precip_1day_observed_20130731.shp.tiff",0.02
"sum","nws_precip_1day_observed_20130801.shp.tiff",0
"sum","nws_precip_1day_observed_20130802.shp.tiff",390
"sum","nws_precip_1day_observed_20130803.shp.tiff",181.17
"sum","nws_precip_1day_observed_20130804.shp.tiff",54.52
"sum","nws_precip_1day_observed_20130805.shp.tiff",135.06
"sum","nws_precip_1day_observed_20130806.shp.tiff",0.01
"sum","nws_precip_1day_observed_20130807.shp.tiff",0
"sum","nws_precip_1day_observed_20130808.shp.tiff",26.25
"sum","nws_precip_1day_observed_20130809.shp.tiff",554.11
"sum","nws_precip_1day_observed_20130810.shp.tiff",1411.04
"sum","nws_precip_1day_observed_20130811.shp.tiff",0
"sum","nws_precip_1day_observed_20130812.shp.tiff",0.01
"sum","nws_precip_1day_observed_20130813.shp.tiff",4.31
"sum","nws_precip_1day_observed_20130814.shp.tiff",656.35
"sum","nws_precip_1day_observed_20130815.shp.tiff",8.63
"sum","nws_precip_1day_observed_20130816.shp.tiff",0
"sum","nws_precip_1day_observed_20130817.shp.tiff",14.72
"sum","nws_precip_1day_observed_20130818.shp.tiff",0
"sum","nws_precip_1day_observed_20130819.shp.tiff",1.62
"sum","nws_precip_1day_observed_20130820.shp.tiff",0.02
"sum","nws_precip_1day_observed_20130821.shp.tiff",0.16
"sum","nws_precip_1day_observed_20130822.shp.tiff",0
"sum","nws_precip_1day_observed_20130823.shp.tiff",176.54
"sum","nws_precip_1day_observed_20130824.shp.tiff",0
"sum","nws_precip_1day_observed_20130825.shp.tiff",0
"sum","nws_precip_1day_observed_20130826.shp.tiff",156.2
"sum","nws_precip_1day_observed_20130827.shp.tiff",342.18
"sum","nws_precip_1day_observed_20130828.shp.tiff",22.47
"sum","nws_precip_1day_observed_20130829.shp.tiff",632.18
"sum","nws_precip_1day_observed_20130830.shp.tiff",27.95
"sum","nws_precip_1day_observed_20130831.shp.tiff",229.82
"sum","nws_precip_1day_observed_20130901.shp.tiff",449.14
"sum","nws_precip_1day_observed_20130902.shp.tiff",814.2
"sum","nws_precip_1day_observed_20130903.shp.tiff",512.37
"sum","nws_precip_1day_observed_20130904.shp.tiff",6.17
"sum","nws_precip_1day_observed_20130905.shp.tiff",30.59
"sum","nws_precip_1day_observed_20130906.shp.tiff",1.77
"sum","nws_precip_1day_observed_20130907.shp.tiff",0
"sum","nws_precip_1day_observed_20130908.shp.tiff",99.47
"sum","nws_precip_1day_observed_20130909.shp.tiff",1.73
"sum","nws_precip_1day_observed_20130910.shp.tiff",9.99
"sum","nws_precip_1day_observed_20130911.shp.tiff",297.35
"sum","nws_precip_1day_observed_20130912.shp.tiff",635.26
"sum","nws_precip_1day_observed_20130913.shp.tiff",1631.46
"sum","nws_precip_1day_observed_20130914.shp.tiff",346.7
"sum","nws_precip_1day_observed_20130915.shp.tiff",21.1
"sum","nws_precip_1day_observed_20130916.shp.tiff",61.88
"sum","nws_precip_1day_observed_20130917.shp.tiff",11.48
"sum","nws_precip_1day_observed_20130918.shp.tiff",0
"sum","nws_precip_1day_observed_20130919.shp.tiff",0
"sum","nws_precip_1day_observed_20130920.shp.tiff",0
"sum","nws_precip_1day_observed_20130921.shp.tiff",0
"sum","nws_precip_1day_observed_20130922.shp.tiff",1168.08
"sum","nws_precip_1day_observed_20130923.shp.tiff",3.36
"sum","nws_precip_1day_observed_20130924.shp.tiff",0
"sum","nws_precip_1day_observed_20130925.shp.tiff",4.56
"sum","nws_precip_1day_observed_20130926.shp.tiff",0
"sum","nws_precip_1day_observed_20130927.shp.tiff",0
"sum","nws_precip_1day_observed_20130928.shp.tiff",0
"sum","nws_precip_1day_observed_20130929.shp.tiff",0
"sum","nws_precip_1day_observed_20130930.shp.tiff",0
"sum","nws_precip_1day_observed_20131001.shp.tiff",0
"sum","nws_precip_1day_observed_20131002.shp.tiff",0
"sum","nws_precip_1day_observed_20131003.shp.tiff",0.01
"sum","nws_precip_1day_observed_20131004.shp.tiff",19.6
"sum","nws_precip_1day_observed_20131005.shp.tiff",279.86
"sum","nws_precip_1day_observed_20131006.shp.tiff",193.43
"sum","nws_precip_1day_observed_20131007.shp.tiff",308.02
"sum","nws_precip_1day_observed_20131008.shp.tiff",809.73
"sum","nws_precip_1day_observed_20131009.shp.tiff",0
"sum","nws_precip_1day_observed_20131010.shp.tiff",0
"sum","nws_precip_1day_observed_20131011.shp.tiff",0
"sum","nws_precip_1day_observed_20131012.shp.tiff",0.01
"sum","nws_precip_1day_observed_20131013.shp.tiff",0
"sum","nws_precip_1day_observed_20131014.shp.tiff",0
"sum","nws_precip_1day_observed_20131015.shp.tiff",18.63
"sum","nws_precip_1day_observed_20131016.shp.tiff",0
"sum","nws_precip_1day_observed_20131017.shp.tiff",79.31
"sum","nws_precip_1day_observed_20131018.shp.tiff",440.33
"sum","nws_precip_1day_observed_20131019.shp.tiff",0.04
"sum","nws_precip_1day_observed_20131020.shp.tiff",62.96
"sum","nws_precip_1day_observed_20131021.shp.tiff",0.01
"sum","nws_precip_1day_observed_20131022.shp.tiff",3.73
"sum","nws_precip_1day_observed_20131023.shp.tiff",93.5
"sum","nws_precip_1day_observed_20131024.shp.tiff",1.57
"sum","nws_precip_1day_observed_20131025.shp.tiff",4.5
"sum","nws_precip_1day_observed_20131026.shp.tiff",0.1
"sum","nws_precip_1day_observed_20131027.shp.tiff",33.38
"sum","nws_precip_1day_observed_20131028.shp.tiff",2.05
"sum","nws_precip_1day_observed_20131029.shp.tiff",1.49
"sum","nws_precip_1day_observed_20131030.shp.tiff",24.46
"sum","nws_precip_1day_observed_20131031.shp.tiff",30.89
"sum","nws_precip_1day_observed_20131101.shp.tiff",998.2
"sum","nws_precip_1day_observed_20131102.shp.tiff",335.42
"sum","nws_precip_1day_observed_20131103.shp.tiff",40.44
"sum","nws_precip_1day_observed_20131104.shp.tiff",0.14
"sum","nws_precip_1day_observed_20131105.shp.tiff",0
"sum","nws_precip_1day_observed_20131106.shp.tiff",0
"sum","nws_precip_1day_observed_20131107.shp.tiff",32.3
"sum","nws_precip_1day_observed_20131108.shp.tiff",248.49
"sum","nws_precip_1day_observed_20131109.shp.tiff",1.32
"sum","nws_precip_1day_observed_20131110.shp.tiff",99.26
"sum","nws_precip_1day_observed_20131111.shp.tiff",40.91
"sum","nws_precip_1day_observed_20131112.shp.tiff",59.01
"sum","nws_precip_1day_observed_20131113.shp.tiff",5.92
"sum","nws_precip_1day_observed_20131114.shp.tiff",0.03
"sum","nws_precip_1day_observed_20131116.shp.tiff",11.91
"sum","nws_precip_1day_observed_20131117.shp.tiff",0.25
"sum","nws_precip_1day_observed_20131118.shp.tiff",656.14
"sum","nws_precip_1day_observed_20131119.shp.tiff",86.3
"sum","nws_precip_1day_observed_20131120.shp.tiff",0.82
"sum","nws_precip_1day_observed_20131121.shp.tiff",0
"sum","nws_precip_1day_observed_20131122.shp.tiff",51.93
"sum","nws_precip_1day_observed_20131123.shp.tiff",111.44
"sum","nws_precip_1day_observed_20131124.shp.tiff",23.16
"sum","nws_precip_1day_observed_20131125.shp.tiff",0.18
"sum","nws_precip_1day_observed_20131126.shp.tiff",78.92
"sum","nws_precip_1day_observed_20131127.shp.tiff",1741.02
"sum","nws_precip_1day_observed_20131128.shp.tiff",1187.04
"sum","nws_precip_1day_observed_20131129.shp.tiff",0.24
"sum","nws_precip_1day_observed_20131130.shp.tiff",0
"sum","nws_precip_1day_observed_20131201.shp.tiff",7.4
"sum","nws_precip_1day_observed_20131202.shp.tiff",15.54
"sum","nws_precip_1day_observed_20131203.shp.tiff",3.6
"sum","nws_precip_1day_observed_20131204.shp.tiff",0.06
"sum","nws_precip_1day_observed_20131205.shp.tiff",0.72
"sum","nws_precip_1day_observed_20131206.shp.tiff",206.58
"sum","nws_precip_1day_observed_20131207.shp.tiff",403.2
"sum","nws_precip_1day_observed_20131208.shp.tiff",0
"sum","nws_precip_1day_observed_20131209.shp.tiff",42.25
"sum","nws_precip_1day_observed_20131210.shp.tiff",84.92
"sum","nws_precip_1day_observed_20131211.shp.tiff",55.01
"sum","nws_precip_1day_observed_20131212.shp.tiff",6.62
"sum","nws_precip_1day_observed_20131213.shp.tiff",0.03
"sum","nws_precip_1day_observed_20131214.shp.tiff",2.3
"sum","nws_precip_1day_observed_20131215.shp.tiff",946.58
"sum","nws_precip_1day_observed_20131216.shp.tiff",63.06
"sum","nws_precip_1day_observed_20131217.shp.tiff",0
"sum","nws_precip_1day_observed_20131218.shp.tiff",199.95
"sum","nws_precip_1day_observed_20131219.shp.tiff",4.15
"sum","nws_precip_1day_observed_20131220.shp.tiff",5.81
"sum","nws_precip_1day_observed_20131221.shp.tiff",126.61
"sum","nws_precip_1day_observed_20131222.shp.tiff",490.79
"sum","nws_precip_1day_observed_20131223.shp.tiff",133.38
"sum","nws_precip_1day_observed_20131224.shp.tiff",472.73
"sum","nws_precip_1day_observed_20131225.shp.tiff",0.01
"sum","nws_precip_1day_observed_20131226.shp.tiff",9.98
"sum","nws_precip_1day_observed_20131227.shp.tiff",77.64
"sum","nws_precip_1day_observed_20131228.shp.tiff",1.49
"sum","nws_precip_1day_observed_20131229.shp.tiff",0.18
"sum","nws_precip_1day_observed_20131230.shp.tiff",1067.39
"sum","nws_precip_1day_observed_20131231.shp.tiff",0.02
"sum","nws_precip_1day_observed_20140101.shp.tiff",1.44
"sum","nws_precip_1day_observed_20140102.shp.tiff",68.03
"sum","nws_precip_1day_observed_20140103.shp.tiff",360.65
"sum","nws_precip_1day_observed_20140104.shp.tiff",0.27
"sum","nws_precip_1day_observed_20140105.shp.tiff",0.66
"sum","nws_precip_1day_observed_20140106.shp.tiff",501.64
"sum","nws_precip_1day_observed_20140107.shp.tiff",729.39
"sum","nws_precip_1day_observed_20140108.shp.tiff",0.02
"sum","nws_precip_1day_observed_20140109.shp.tiff",0
"sum","nws_precip_1day_observed_20140110.shp.tiff",28.01
"sum","nws_precip_1day_observed_20140111.shp.tiff",107.04
"sum","nws_precip_1day_observed_20140112.shp.tiff",1215.96
"sum","nws_precip_1day_observed_20140113.shp.tiff",0.99
"sum","nws_precip_1day_observed_20140114.shp.tiff",31.44
"sum","nws_precip_1day_observed_20140115.shp.tiff",707.39
"sum","nws_precip_1day_observed_20140116.shp.tiff",2.73
"sum","nws_precip_1day_observed_20140117.shp.tiff",23.86
"sum","nws_precip_1day_observed_20140118.shp.tiff",1.4
"sum","nws_precip_1day_observed_20140119.shp.tiff",101.25
"sum","nws_precip_1day_observed_20140120.shp.tiff",5.3
"sum","nws_precip_1day_observed_20140121.shp.tiff",20.16
"sum","nws_precip_1day_observed_20140122.shp.tiff",25.35
"sum","nws_precip_1day_observed_20140123.shp.tiff",0
"sum","nws_precip_1day_observed_20140124.shp.tiff",0.01
"sum","nws_precip_1day_observed_20140125.shp.tiff",2.3
"sum","nws_precip_1day_observed_20140126.shp.tiff",55.04
"sum","nws_precip_1day_observed_20140127.shp.tiff",6.78
"sum","nws_precip_1day_observed_20140128.shp.tiff",32.79
"sum","nws_precip_1day_observed_20140129.shp.tiff",0.76
"sum","nws_precip_1day_observed_20140130.shp.tiff",0
"sum","nws_precip_1day_observed_20140131.shp.tiff",4.62
"sum","nws_precip_1day_observed_20140201.shp.tiff",1.42
"sum","nws_precip_1day_observed_20140202.shp.tiff",237.41
"sum","nws_precip_1day_observed_20140203.shp.tiff",38.74
"sum","nws_precip_1day_observed_20140204.shp.tiff",105.68
"sum","nws_precip_1day_observed_20140205.shp.tiff",398.75
"sum","nws_precip_1day_observed_20140206.shp.tiff",576.17
"sum","nws_precip_1day_observed_20140207.shp.tiff",0
"sum","nws_precip_1day_observed_20140208.shp.tiff",0
"sum","nws_precip_1day_observed_20140209.shp.tiff",2.66
"sum","nws_precip_1day_observed_20140210.shp.tiff",34.46
"sum","nws_precip_1day_observed_20140211.shp.tiff",0.31
"sum","nws_precip_1day_observed_20140212.shp.tiff",0
"sum","nws_precip_1day_observed_20140213.shp.tiff",31.06
"sum","nws_precip_1day_observed_20140214.shp.tiff",1292.16
"sum","nws_precip_1day_observed_20140215.shp.tiff",41.01
"sum","nws_precip_1day_observed_20140216.shp.tiff",83.32
"sum","nws_precip_1day_observed_20140217.shp.tiff",5.28
"sum","nws_precip_1day_observed_20140218.shp.tiff",1.86
"sum","nws_precip_1day_observed_20140219.shp.tiff",211.16
"sum","nws_precip_1day_observed_20140220.shp.tiff",321.96
"sum","nws_precip_1day_observed_20140221.shp.tiff",505.2
"sum","nws_precip_1day_observed_20140222.shp.tiff",390
"sum","nws_precip_1day_observed_20140223.shp.tiff",0.72
"sum","nws_precip_1day_observed_20140224.shp.tiff",14.49
"sum","nws_precip_1day_observed_20140225.shp.tiff",1.32
"sum","nws_precip_1day_observed_20140226.shp.tiff",0.32
"sum","nws_precip_1day_observed_20140227.shp.tiff",1
"sum","nws_precip_1day_observed_20140228.shp.tiff",9.48
"sum","nws_precip_1day_observed_20140301.shp.tiff",0.01
"sum","nws_precip_1day_observed_20140302.shp.tiff",16.34
"sum","nws_precip_1day_observed_20140303.shp.tiff",0.44
"sum","nws_precip_1day_observed_20140304.shp.tiff",0.01
"sum","nws_precip_1day_observed_20140305.shp.tiff",14.08
"sum","nws_precip_1day_observed_20140306.shp.tiff",3.84
"sum","nws_precip_1day_observed_20140307.shp.tiff",0
"sum","nws_precip_1day_observed_20140308.shp.tiff",0
"sum","nws_precip_1day_observed_20140309.shp.tiff",1.3
"sum","nws_precip_1day_observed_20140310.shp.tiff",71.28
"sum","nws_precip_1day_observed_20140311.shp.tiff",89.51
"sum","nws_precip_1day_observed_20140312.shp.tiff",29.47
"sum","nws_precip_1day_observed_20140313.shp.tiff",1062.57
"sum","nws_precip_1day_observed_20140314.shp.tiff",15.16
"sum","nws_precip_1day_observed_20140315.shp.tiff",40.45
"sum","nws_precip_1day_observed_20140316.shp.tiff",40.51
"sum","nws_precip_1day_observed_20140317.shp.tiff",0.12
"sum","nws_precip_1day_observed_20140318.shp.tiff",0
"sum","nws_precip_1day_observed_20140319.shp.tiff",0
"sum","nws_precip_1day_observed_20140320.shp.tiff",766.96
"sum","nws_precip_1day_observed_20140321.shp.tiff",47.63
"sum","nws_precip_1day_observed_20140322.shp.tiff",2.76
"sum","nws_precip_1day_observed_20140323.shp.tiff",98.6
"sum","nws_precip_1day_observed_20140324.shp.tiff",0.16
"sum","nws_precip_1day_observed_20140325.shp.tiff",0
"sum","nws_precip_1day_observed_20140326.shp.tiff",0
"sum","nws_precip_1day_observed_20140327.shp.tiff",0
"sum","nws_precip_1day_observed_20140328.shp.tiff",51.35
"sum","nws_precip_1day_observed_20140329.shp.tiff",361.22
"sum","nws_precip_1day_observed_20140330.shp.tiff",1773.84
"sum","nws_precip_1day_observed_20140331.shp.tiff",733.61
"sum","nws_precip_1day_observed_20140401.shp.tiff",67.05
"sum","nws_precip_1day_observed_20140402.shp.tiff",0
"sum","nws_precip_1day_observed_20140403.shp.tiff",0
"sum","nws_precip_1day_observed_20140404.shp.tiff",1.32
"sum","nws_precip_1day_observed_20140405.shp.tiff",463.5
"sum","nws_precip_1day_observed_20140406.shp.tiff",4.76
"sum","nws_precip_1day_observed_20140407.shp.tiff",0
"sum","nws_precip_1day_observed_20140408.shp.tiff",411.28
"sum","nws_precip_1day_observed_20140409.shp.tiff",27.4
"sum","nws_precip_1day_observed_20140410.shp.tiff",0
"sum","nws_precip_1day_observed_20140411.shp.tiff",49.98
"sum","nws_precip_1day_observed_20140412.shp.tiff",159.61
"sum","nws_precip_1day_observed_20140413.shp.tiff",107.72
"sum","nws_precip_1day_observed_20140414.shp.tiff",137.71
"sum","nws_precip_1day_observed_20140415.shp.tiff",35.17
"sum","nws_precip_1day_observed_20140416.shp.tiff",1448.47
"sum","nws_precip_1day_observed_20140417.shp.tiff",0
"sum","nws_precip_1day_observed_20140418.shp.tiff",0
"sum","nws_precip_1day_observed_20140419.shp.tiff",8.04
"sum","nws_precip_1day_observed_20140420.shp.tiff",0
"sum","nws_precip_1day_observed_20140421.shp.tiff",0.13
"sum","nws_precip_1day_observed_20140422.shp.tiff",10.48
"sum","nws_precip_1day_observed_20140423.shp.tiff",147.83
"sum","nws_precip_1day_observed_20140424.shp.tiff",76.94
"sum","nws_precip_1day_observed_20140425.shp.tiff",0
"sum","nws_precip_1day_observed_20140426.shp.tiff",430.49
"sum","nws_precip_1day_observed_20140427.shp.tiff",309.65
"sum","nws_precip_1day_observed_20140428.shp.tiff",3.45
"sum","nws_precip_1day_observed_20140429.shp.tiff",0.05
"sum","nws_precip_1day_observed_20140430.shp.tiff",288.88
"sum","nws_precip_1day_observed_20140501.shp.tiff",1491.05
"sum","nws_precip_1day_observed_20140502.shp.tiff",185.57
"sum","nws_precip_1day_observed_20140503.shp.tiff",23
"sum","nws_precip_1day_observed_20140504.shp.tiff",160.33
"sum","nws_precip_1day_observed_20140505.shp.tiff",89.96
"sum","nws_precip_1day_observed_20140506.shp.tiff",0.95
"sum","nws_precip_1day_observed_20140507.shp.tiff",1.16
"sum","nws_precip_1day_observed_20140508.shp.tiff",0
"sum","nws_precip_1day_observed_20140509.shp.tiff",87.81
"sum","nws_precip_1day_observed_20140510.shp.tiff",234.48
"sum","nws_precip_1day_observed_20140511.shp.tiff",167.72
"sum","nws_precip_1day_observed_20140512.shp.tiff",0
"sum","nws_precip_1day_observed_20140513.shp.tiff",13.48
"sum","nws_precip_1day_observed_20140514.shp.tiff",30.56
"sum","nws_precip_1day_observed_20140515.shp.tiff",5.7
"sum","nws_precip_1day_observed_20140516.shp.tiff",31.3
"sum","nws_precip_1day_observed_20140517.shp.tiff",1919.71
"sum","nws_precip_1day_observed_20140518.shp.tiff",42.86
"sum","nws_precip_1day_observed_20140519.shp.tiff",6.28
"sum","nws_precip_1day_observed_20140520.shp.tiff",55.1
"sum","nws_precip_1day_observed_20140521.shp.tiff",0.01
"sum","nws_precip_1day_observed_20140522.shp.tiff",12.91
"sum","nws_precip_1day_observed_20140523.shp.tiff",581.51
"sum","nws_precip_1day_observed_20140524.shp.tiff",379.08
"sum","nws_precip_1day_observed_20140525.shp.tiff",144.71
"sum","nws_precip_1day_observed_20140526.shp.tiff",73.08
"sum","nws_precip_1day_observed_20140527.shp.tiff",192.37
"sum","nws_precip_1day_observed_20140528.shp.tiff",723.46
"sum","nws_precip_1day_observed_20140529.shp.tiff",6.73
"sum","nws_precip_1day_observed_20140530.shp.tiff",0
"sum","nws_precip_1day_observed_20140531.shp.tiff",262
"sum","nws_precip_1day_observed_20140601.shp.tiff",12.35
"sum","nws_precip_1day_observed_20140602.shp.tiff",0
"sum","nws_precip_1day_observed_20140603.shp.tiff",0
"sum","nws_precip_1day_observed_20140604.shp.tiff",368.14
"sum","nws_precip_1day_observed_20140605.shp.tiff",103.73
"sum","nws_precip_1day_observed_20140606.shp.tiff",241.18
"sum","nws_precip_1day_observed_20140607.shp.tiff",2.1
"sum","nws_precip_1day_observed_20140608.shp.tiff",0
"sum","nws_precip_1day_observed_20140609.shp.tiff",12.04
"sum","nws_precip_1day_observed_20140610.shp.tiff",84.04
"sum","nws_precip_1day_observed_20140611.shp.tiff",44.15
"sum","nws_precip_1day_observed_20140612.shp.tiff",346.09
"sum","nws_precip_1day_observed_20140613.shp.tiff",453.9
"sum","nws_precip_1day_observed_20140614.shp.tiff",780.97
"sum","nws_precip_1day_observed_20140615.shp.tiff",11.49
"sum","nws_precip_1day_observed_20140616.shp.tiff",0
"sum","nws_precip_1day_observed_20140617.shp.tiff",6.89
"sum","nws_precip_1day_observed_20140618.shp.tiff",476.73
"sum","nws_precip_1day_observed_20140619.shp.tiff",23.95
"sum","nws_precip_1day_observed_20140620.shp.tiff",6.37
"sum","nws_precip_1day_observed_20140621.shp.tiff",0
"sum","nws_precip_1day_observed_20140622.shp.tiff",0
"sum","nws_precip_1day_observed_20140623.shp.tiff",0.04
"sum","nws_precip_1day_observed_20140624.shp.tiff",0.31
"sum","nws_precip_1day_observed_20140625.shp.tiff",84.51
"sum","nws_precip_1day_observed_20140626.shp.tiff",2083.03
"sum","nws_precip_1day_observed_20140627.shp.tiff",6.14
"sum","nws_precip_1day_observed_20140628.shp.tiff",0
"sum","nws_precip_1day_observed_20140629.shp.tiff",0
"sum","nws_precip_1day_observed_20140630.shp.tiff",0
"sum","nws_precip_1day_observed_20140701.shp.tiff",2.45
"sum","nws_precip_1day_observed_20140702.shp.tiff",25.51
"sum","nws_precip_1day_observed_20140703.shp.tiff",817.24
"sum","nws_precip_1day_observed_20140704.shp.tiff",1467.77
"sum","nws_precip_1day_observed_20140705.shp.tiff",455.23
"sum","nws_precip_1day_observed_20140706.shp.tiff",2.74
"sum","nws_precip_1day_observed_20140707.shp.tiff",0.24
"sum","nws_precip_1day_observed_20140708.shp.tiff",476.4
"sum","nws_precip_1day_observed_20140709.shp.tiff",327.03
"sum","nws_precip_1day_observed_20140710.shp.tiff",296.37
"sum","nws_precip_1day_observed_20140711.shp.tiff",0
"sum","nws_precip_1day_observed_20140712.shp.tiff",0
"sum","nws_precip_1day_observed_20140713.shp.tiff",17.29
"sum","nws_precip_1day_observed_20140714.shp.tiff",384.43
"sum","nws_precip_1day_observed_20140715.shp.tiff",161.13
"sum","nws_precip_1day_observed_20140716.shp.tiff",1316.6
"sum","nws_precip_1day_observed_20140717.shp.tiff",140.04
"sum","nws_precip_1day_observed_20140718.shp.tiff",3.02
"sum","nws_precip_1day_observed_20140719.shp.tiff",0
"sum","nws_precip_1day_observed_20140720.shp.tiff",9.11
"sum","nws_precip_1day_observed_20140721.shp.tiff",7.5
"sum","nws_precip_1day_observed_20140722.shp.tiff",0.11
"sum","nws_precip_1day_observed_20140723.shp.tiff",0.01
"sum","nws_precip_1day_observed_20140724.shp.tiff",1256.13
"sum","nws_precip_1day_observed_20140725.shp.tiff",0
"sum","nws_precip_1day_observed_20140726.shp.tiff",0
"sum","nws_precip_1day_observed_20140727.shp.tiff",36.85
"sum","nws_precip_1day_observed_20140728.shp.tiff",1119.02
"sum","nws_precip_1day_observed_20140729.shp.tiff",1250.26
"sum","nws_precip_1day_observed_20140730.shp.tiff",0
"sum","nws_precip_1day_observed_20140731.shp.tiff",0
"sum","nws_precip_1day_observed_20140801.shp.tiff",123.77
"sum","nws_precip_1day_observed_20140802.shp.tiff",114.79
"sum","nws_precip_1day_observed_20140803.shp.tiff",35.45
"sum","nws_precip_1day_observed_20140804.shp.tiff",173.86
"sum","nws_precip_1day_observed_20140805.shp.tiff",85.59
"sum","nws_precip_1day_observed_20140806.shp.tiff",287.95
"sum","nws_precip_1day_observed_20140807.shp.tiff",23.18
"sum","nws_precip_1day_observed_20140808.shp.tiff",197.35
"sum","nws_precip_1day_observed_20140809.shp.tiff",12.27
"sum","nws_precip_1day_observed_20140810.shp.tiff",0.06
"sum","nws_precip_1day_observed_20140811.shp.tiff",22.64
"sum","nws_precip_1day_observed_20140812.shp.tiff",11.44
"sum","nws_precip_1day_observed_20140813.shp.tiff",225.36
"sum","nws_precip_1day_observed_20140814.shp.tiff",2733.97
"sum","nws_precip_1day_observed_20140815.shp.tiff",20.44
"sum","nws_precip_1day_observed_20140816.shp.tiff",10.83
"sum","nws_precip_1day_observed_20140817.shp.tiff",104.7
"sum","nws_precip_1day_observed_20140818.shp.tiff",49.6
"sum","nws_precip_1day_observed_20140819.shp.tiff",0.54
"sum","nws_precip_1day_observed_20140820.shp.tiff",0
"sum","nws_precip_1day_observed_20140821.shp.tiff",62.77
"sum","nws_precip_1day_observed_20140822.shp.tiff",508.22
"sum","nws_precip_1day_observed_20140823.shp.tiff",80.71
"sum","nws_precip_1day_observed_20140824.shp.tiff",0
"sum","nws_precip_1day_observed_20140825.shp.tiff",0
"sum","nws_precip_1day_observed_20140826.shp.tiff",0
"sum","nws_precip_1day_observed_20140827.shp.tiff",3.84
"sum","nws_precip_1day_observed_20140828.shp.tiff",189.38
"sum","nws_precip_1day_observed_20140829.shp.tiff",0
"sum","nws_precip_1day_observed_20140830.shp.tiff",0
"sum","nws_precip_1day_observed_20140831.shp.tiff",33.67
"sum","nws_precip_1day_observed_20140901.shp.tiff",276.75
"sum","nws_precip_1day_observed_20140902.shp.tiff",2.33
"sum","nws_precip_1day_observed_20140903.shp.tiff",721.51
"sum","nws_precip_1day_observed_20140904.shp.tiff",0
"sum","nws_precip_1day_observed_20140905.shp.tiff",0.06
"sum","nws_precip_1day_observed_20140906.shp.tiff",3.17
"sum","nws_precip_1day_observed_20140907.shp.tiff",357.82
"sum","nws_precip_1day_observed_20140908.shp.tiff",0
"sum","nws_precip_1day_observed_20140909.shp.tiff",0
"sum","nws_precip_1day_observed_20140910.shp.tiff",0
"sum","nws_precip_1day_observed_20140911.shp.tiff",2.14
"sum","nws_precip_1day_observed_20140912.shp.tiff",91.55
"sum","nws_precip_1day_observed_20140913.shp.tiff",0
"sum","nws_precip_1day_observed_20140914.shp.tiff",356.42
"sum","nws_precip_1day_observed_20140916.shp.tiff",98.14
"sum","nws_precip_1day_observed_20140917.shp.tiff",48.03
"sum","nws_precip_1day_observed_20140918.shp.tiff",0.63
"sum","nws_precip_1day_observed_20140919.shp.tiff",0.15
"sum","nws_precip_1day_observed_20140920.shp.tiff",0
"sum","nws_precip_1day_observed_20140921.shp.tiff",151.61
"sum","nws_precip_1day_observed_20140922.shp.tiff",130.39
"sum","nws_precip_1day_observed_20140923.shp.tiff",3.5
"sum","nws_precip_1day_observed_20140924.shp.tiff",0.01
"sum","nws_precip_1day_observed_20140925.shp.tiff",0
"sum","nws_precip_1day_observed_20140926.shp.tiff",14.76
"sum","nws_precip_1day_observed_20140927.shp.tiff",0.52
"sum","nws_precip_1day_observed_20140928.shp.tiff",0
"sum","nws_precip_1day_observed_20140929.shp.tiff",0
"sum","nws_precip_1day_observed_20140930.shp.tiff",0.58
"sum","nws_precip_1day_observed_20141001.shp.tiff",101.67
"sum","nws_precip_1day_observed_20141002.shp.tiff",288.56
"sum","nws_precip_1day_observed_20141003.shp.tiff",0.57
"sum","nws_precip_1day_observed_20141004.shp.tiff",2.65
"sum","nws_precip_1day_observed_20141005.shp.tiff",1322.75
"sum","nws_precip_1day_observed_20141006.shp.tiff",0.03
"sum","nws_precip_1day_observed_20141007.shp.tiff",9.09
"sum","nws_precip_1day_observed_20141008.shp.tiff",700.28
"sum","nws_precip_1day_observed_20141009.shp.tiff",25.9
"sum","nws_precip_1day_observed_20141010.shp.tiff",8.85
"sum","nws_precip_1day_observed_20141011.shp.tiff",26.2
"sum","nws_precip_1day_observed_20141012.shp.tiff",102.09
"sum","nws_precip_1day_observed_20141013.shp.tiff",0
"sum","nws_precip_1day_observed_20141014.shp.tiff",1.11
"sum","nws_precip_1day_observed_20141015.shp.tiff",6.75
"sum","nws_precip_1day_observed_20141016.shp.tiff",657.51
"sum","nws_precip_1day_observed_20141017.shp.tiff",1297.57
"sum","nws_precip_1day_observed_20141018.shp.tiff",47.3
"sum","nws_precip_1day_observed_20141019.shp.tiff",234.82
"sum","nws_precip_1day_observed_20141020.shp.tiff",7.34
"sum","nws_precip_1day_observed_20141021.shp.tiff",25.71
"sum","nws_precip_1day_observed_20141022.shp.tiff",182.89
"sum","nws_precip_1day_observed_20141023.shp.tiff",1387.29
"sum","nws_precip_1day_observed_20141024.shp.tiff",1303.43
"sum","nws_precip_1day_observed_20141025.shp.tiff",12.82
"sum","nws_precip_1day_observed_20141026.shp.tiff",89.99
"sum","nws_precip_1day_observed_20141027.shp.tiff",14.47
"sum","nws_precip_1day_observed_20141028.shp.tiff",30.46
"sum","nws_precip_1day_observed_20141029.shp.tiff",46.33
"sum","nws_precip_1day_observed_20141030.shp.tiff",167.63
"sum","nws_precip_1day_observed_20141031.shp.tiff",0.76
"sum","nws_precip_1day_observed_20141101.shp.tiff",7.28
"sum","nws_precip_1day_observed_20141102.shp.tiff",109.74
"sum","nws_precip_1day_observed_20141103.shp.tiff",0
"sum","nws_precip_1day_observed_20141104.shp.tiff",0.01
"sum","nws_precip_1day_observed_20141105.shp.tiff",12.69
"sum","nws_precip_1day_observed_20141106.shp.tiff",1.4
"sum","nws_precip_1day_observed_20141107.shp.tiff",312.64
"sum","nws_precip_1day_observed_20141108.shp.tiff",20.48
"sum","nws_precip_1day_observed_20141109.shp.tiff",0.16
"sum","nws_precip_1day_observed_20141110.shp.tiff",0.62
"sum","nws_precip_1day_observed_20141111.shp.tiff",0.73
"sum","nws_precip_1day_observed_20141112.shp.tiff",0
"sum","nws_precip_1day_observed_20141113.shp.tiff",30.39
"sum","nws_precip_1day_observed_20141114.shp.tiff",114.49
"sum","nws_precip_1day_observed_20141115.shp.tiff",1.59
"sum","nws_precip_1day_observed_20141116.shp.tiff",0.12
"sum","nws_precip_1day_observed_20141117.shp.tiff",361.59
"sum","nws_precip_1day_observed_20141118.shp.tiff",907.63
"sum","nws_precip_1day_observed_20141119.shp.tiff",2.46
"sum","nws_precip_1day_observed_20141120.shp.tiff",0.41
"sum","nws_precip_1day_observed_20141121.shp.tiff",4.86
"sum","nws_precip_1day_observed_20141122.shp.tiff",0.45
"sum","nws_precip_1day_observed_20141123.shp.tiff",44.36
"sum","nws_precip_1day_observed_20141124.shp.tiff",483.4
"sum","nws_precip_1day_observed_20141125.shp.tiff",291.57
"sum","nws_precip_1day_observed_20141126.shp.tiff",0.22
"sum","nws_precip_1day_observed_20141127.shp.tiff",1315.68
"sum","nws_precip_1day_observed_20141128.shp.tiff",22.14
"sum","nws_precip_1day_observed_20141129.shp.tiff",6.93
"sum","nws_precip_1day_observed_20141130.shp.tiff",8.51
"sum","nws_precip_1day_observed_20141201.shp.tiff",10.02
"sum","nws_precip_1day_observed_20141202.shp.tiff",1.21
"sum","nws_precip_1day_observed_20141203.shp.tiff",470.47
"sum","nws_precip_1day_observed_20141204.shp.tiff",42.92
"sum","nws_precip_1day_observed_20141205.shp.tiff",0.88
"sum","nws_precip_1day_observed_20141206.shp.tiff",468.51
"sum","nws_precip_1day_observed_20141207.shp.tiff",748.83
"sum","nws_precip_1day_observed_20141208.shp.tiff",0
"sum","nws_precip_1day_observed_20141209.shp.tiff",5.65
"sum","nws_precip_1day_observed_20141210.shp.tiff",1694.19
"sum","nws_precip_1day_observed_20141211.shp.tiff",508.3
"sum","nws_precip_1day_observed_20141212.shp.tiff",36.62
"sum","nws_precip_1day_observed_20141213.shp.tiff",7.81
"sum","nws_precip_1day_observed_20141214.shp.tiff",1.98
"sum","nws_precip_1day_observed_20141215.shp.tiff",0
"sum","nws_precip_1day_observed_20141216.shp.tiff",0
"sum","nws_precip_1day_observed_20141217.shp.tiff",328.48
"sum","nws_precip_1day_observed_20141218.shp.tiff",233.71
"sum","nws_precip_1day_observed_20141219.shp.tiff",10.67
"sum","nws_precip_1day_observed_20141220.shp.tiff",0.47
"sum","nws_precip_1day_observed_20141221.shp.tiff",2.94
"sum","nws_precip_1day_observed_20141222.shp.tiff",20.13
"sum","nws_precip_1day_observed_20141223.shp.tiff",135.12
"sum","nws_precip_1day_observed_20141224.shp.tiff",308.54
"sum","nws_precip_1day_observed_20141225.shp.tiff",772.85
"sum","nws_precip_1day_observed_20141226.shp.tiff",57.89
"sum","nws_precip_1day_observed_20141227.shp.tiff",0.01
"sum","nws_precip_1day_observed_20141228.shp.tiff",182.76
"sum","nws_precip_1day_observed_20141229.shp.tiff",73.76
"sum","nws_precip_1day_observed_20141230.shp.tiff",0
"sum","nws_precip_1day_observed_20141231.shp.tiff",0
